url;owner;committer;decision;submission date;decision date
https://github.com/apache/drill/pull/924;paul-rogers;<User (paul-rogers)>;merged;2017-08-26 04:31:54;2017-08-30 00:04:38
https://github.com/apache/drill/pull/918;weijietong;<User (weijietong)>;merged;2017-08-20 12:12:11;2017-08-21 00:02:49
https://github.com/apache/drill/pull/917;weijietong;<User (weijietong)>;merged;2017-08-20 11:57:35;2017-08-20 12:01:57
https://github.com/apache/drill/pull/912;ilooner-mapr;<User (ilooner-mapr)>;merged;2017-08-17 23:22:03;2017-08-17 23:38:33
https://github.com/apache/drill/pull/911;ilooner-mapr;<User (ilooner-mapr)>;merged;2017-08-17 21:32:16;2017-08-25 13:42:20
https://github.com/apache/drill/pull/908;vvysotskyi;<User (vvysotskyi)>;merged;2017-08-17 10:46:46;2017-08-25 13:42:20
https://github.com/apache/drill/pull/902;arina-ielchiieva;<User (arina-ielchiieva)>;merged;2017-08-10 12:27:53;2017-08-15 13:44:43
https://github.com/apache/drill/pull/900;arina-ielchiieva;<User (arina-ielchiieva)>;merged;2017-08-09 14:39:01;2017-08-15 13:44:43
https://github.com/apache/drill/pull/899;darrenbrien;<User (darrenbrien)>;merged;2017-08-09 10:25:48;2017-08-09 20:47:50
https://github.com/apache/drill/pull/898;KrysKruk;<User (KrysKruk)>;merged;2017-08-07 12:30:03;2017-08-07 12:31:05
https://github.com/apache/drill/pull/894;sohami;<User (sohami)>;merged;2017-08-03 22:37:17;2017-08-25 13:42:20
https://github.com/apache/drill/pull/893;cgivre;<User (cgivre)>;merged;2017-08-03 20:19:12;2017-08-07 04:06:27
https://github.com/apache/drill/pull/891;sindhurirayavaram;<User (sindhurirayavaram)>;merged;2017-08-02 01:55:21;2017-08-15 13:44:43
https://github.com/apache/drill/pull/890;darrenbrien;<User (darrenbrien)>;merged;2017-07-31 10:55:41;2017-08-15 13:44:43
https://github.com/apache/drill/pull/888;weijietong;<User (weijietong)>;merged;2017-07-27 09:37:12;2017-08-02 09:44:58
https://github.com/apache/drill/pull/887;paul-rogers;<User (paul-rogers)>;merged;2017-07-27 05:48:25;2017-08-18 05:54:36
https://github.com/apache/drill/pull/885;arina-ielchiieva;<User (arina-ielchiieva)>;merged;2017-07-25 12:28:54;2017-08-08 00:32:08
https://github.com/apache/drill/pull/884;sohami;<User (sohami)>;merged;2017-07-25 02:09:28;2017-08-08 00:32:08
https://github.com/apache/drill/pull/883;sohami;<User (sohami)>;merged;2017-07-24 20:41:31;2017-08-15 13:44:43
https://github.com/apache/drill/pull/882;arina-ielchiieva;<User (arina-ielchiieva)>;merged;2017-07-21 14:56:29;2017-08-09 14:30:10
https://github.com/apache/drill/pull/881;KulykRoman;<User (KulykRoman)>;merged;2017-07-20 15:33:25;2017-07-21 17:23:59
https://github.com/apache/drill/pull/880;superbstreak;<User (superbstreak)>;merged;2017-07-19 05:56:28;2017-07-21 13:31:17
https://github.com/apache/drill/pull/879;Ben-Zvi;<User (Ben-Zvi)>;merged;2017-07-18 20:03:23;2017-07-21 17:23:59
https://github.com/apache/drill/pull/878;superbstreak;<User (superbstreak)>;merged;2017-07-18 00:13:12;2017-08-08 00:32:07
https://github.com/apache/drill/pull/877;vdiravka;<User (vdiravka)>;merged;2017-07-13 18:56:03;2017-08-15 17:25:32
https://github.com/apache/drill/pull/876;parthchandra;<User (parthchandra)>;merged;2017-07-13 15:04:37;2017-07-17 20:24:23
https://github.com/apache/drill/pull/874;sindhurirayavaram;<User (sindhurirayavaram)>;merged;2017-07-12 23:48:18;2017-08-15 13:44:43
https://github.com/apache/drill/pull/873;laurentgo;<User (laurentgo)>;merged;2017-07-12 05:33:20;2017-07-12 17:58:47
https://github.com/apache/drill/pull/872;Ben-Zvi;<User (Ben-Zvi)>;merged;2017-07-11 02:55:53;2017-07-21 17:23:59
https://github.com/apache/drill/pull/871;Ben-Zvi;<User (Ben-Zvi)>;merged;2017-07-11 02:43:10;2017-07-21 17:23:59
https://github.com/apache/drill/pull/869;KulykRoman;<User (KulykRoman)>;merged;2017-07-06 16:46:58;2017-07-21 13:31:17
https://github.com/apache/drill/pull/868;dvjyothsna;<User (dvjyothsna)>;merged;2017-07-05 20:26:24;2017-08-26 03:52:37
https://github.com/apache/drill/pull/867;vvysotskyi;<User (vvysotskyi)>;merged;2017-07-04 17:21:43;2017-07-21 13:31:17
https://github.com/apache/drill/pull/866;paul-rogers;<User (paul-rogers)>;merged;2017-07-04 05:51:41;2017-08-18 05:54:56
https://github.com/apache/drill/pull/865;cgivre;<User (cgivre)>;merged;2017-07-03 03:19:40;2017-07-21 13:31:17
https://github.com/apache/drill/pull/864;arina-ielchiieva;<User (arina-ielchiieva)>;merged;2017-06-30 11:44:36;2017-07-21 17:23:59
https://github.com/apache/drill/pull/863;vvysotskyi;<User (vvysotskyi)>;merged;2017-06-29 15:25:57;2017-07-04 03:00:32
https://github.com/apache/drill/pull/862;kkhatua;<User (kkhatua)>;merged;2017-06-28 17:49:20;2017-07-04 03:00:32
https://github.com/apache/drill/pull/861;vvysotskyi;<User (vvysotskyi)>;merged;2017-06-27 09:31:27;2017-07-04 03:00:32
https://github.com/apache/drill/pull/860;paul-rogers;<User (paul-rogers)>;merged;2017-06-23 03:58:10;2017-08-15 13:44:43
https://github.com/apache/drill/pull/859;ppadma;<User (ppadma)>;merged;2017-06-21 23:55:23;2017-07-12 03:40:45
https://github.com/apache/drill/pull/857;arina-ielchiieva;<User (arina-ielchiieva)>;merged;2017-06-20 11:42:54;2017-06-25 01:32:50
https://github.com/apache/drill/pull/856;kkhatua;<User (kkhatua)>;merged;2017-06-19 23:41:59;2017-06-20 06:23:52
https://github.com/apache/drill/pull/855;paul-rogers;<User (paul-rogers)>;merged;2017-06-16 23:49:35;2017-06-25 01:32:50
https://github.com/apache/drill/pull/854;sohami;<User (sohami)>;merged;2017-06-15 20:12:55;2017-06-19 10:51:12
https://github.com/apache/drill/pull/853;arina-ielchiieva;<User (arina-ielchiieva)>;merged;2017-06-15 17:11:41;2017-06-26 09:09:43
https://github.com/apache/drill/pull/852;ppadma;<User (ppadma)>;merged;2017-06-14 05:20:23;2017-06-25 01:32:50
https://github.com/apache/drill/pull/851;paul-rogers;<User (paul-rogers)>;merged;2017-06-06 21:02:34;2017-07-03 19:50:03
https://github.com/apache/drill/pull/850;superbstreak;<User (superbstreak)>;merged;2017-06-05 21:10:28;2017-06-12 01:28:08
https://github.com/apache/drill/pull/849;sohami;<User (sohami)>;merged;2017-06-05 20:59:13;2017-06-25 01:32:49
https://github.com/apache/drill/pull/848;ppadma;<User (ppadma)>;merged;2017-06-01 21:05:32;2017-06-12 01:28:08
https://github.com/apache/drill/pull/847;parthchandra;<User (parthchandra)>;merged;2017-05-31 23:15:13;2017-06-12 01:28:08
https://github.com/apache/drill/pull/846;vdiravka;<User (vdiravka)>;merged;2017-05-26 16:01:38;2017-06-19 10:51:13
https://github.com/apache/drill/pull/845;arina-ielchiieva;<User (arina-ielchiieva)>;merged;2017-05-25 14:05:23;2017-06-03 04:46:22
https://github.com/apache/drill/pull/844;arina-ielchiieva;<User (arina-ielchiieva)>;merged;2017-05-25 13:28:56;2017-06-27 13:35:43
https://github.com/apache/drill/pull/843;arina-ielchiieva;<User (arina-ielchiieva)>;merged;2017-05-23 13:52:19;2017-06-03 04:46:22
https://github.com/apache/drill/pull/842;arina-ielchiieva;<User (arina-ielchiieva)>;merged;2017-05-18 11:39:55;2017-05-20 14:26:30
https://github.com/apache/drill/pull/841;vdiravka;<User (vdiravka)>;merged;2017-05-17 11:58:57;2017-05-20 15:59:59
https://github.com/apache/drill/pull/840;paul-rogers;<User (paul-rogers)>;merged;2017-05-16 23:22:57;2017-07-03 19:50:03
https://github.com/apache/drill/pull/839;arina-ielchiieva;<User (arina-ielchiieva)>;merged;2017-05-16 12:31:40;2017-05-20 14:26:30
https://github.com/apache/drill/pull/838;paul-rogers;<User (paul-rogers)>;merged;2017-05-16 01:22:49;2017-06-03 04:46:22
https://github.com/apache/drill/pull/837;paul-rogers;<User (paul-rogers)>;merged;2017-05-15 23:53:21;2017-06-19 10:51:13
https://github.com/apache/drill/pull/836;paul-rogers;<User (paul-rogers)>;merged;2017-05-15 21:58:18;2017-05-16 18:53:08
https://github.com/apache/drill/pull/835;vvysotskyi;<User (vvysotskyi)>;merged;2017-05-15 16:15:45;2017-05-20 17:36:38
https://github.com/apache/drill/pull/834;kkhatua;<User (kkhatua)>;merged;2017-05-14 06:02:57;2017-06-03 04:46:22
https://github.com/apache/drill/pull/833;paul-rogers;<User (paul-rogers)>;merged;2017-05-12 18:02:47;2017-06-21 23:45:44
https://github.com/apache/drill/pull/832;paul-rogers;<User (paul-rogers)>;merged;2017-05-11 19:46:36;2017-06-03 04:46:22
https://github.com/apache/drill/pull/831;Vlad-Storona;<User (Vlad-Storona)>;merged;2017-05-11 14:12:05;2017-07-03 20:45:49
https://github.com/apache/drill/pull/830;paul-rogers;<User (paul-rogers)>;merged;2017-05-11 00:38:10;2017-05-20 14:26:30
https://github.com/apache/drill/pull/829;sohami;<User (sohami)>;merged;2017-05-10 01:12:43;2017-06-03 04:46:22
https://github.com/apache/drill/pull/828;eskabetxe;<User (eskabetxe)>;merged;2017-05-06 11:45:51;2017-06-03 04:46:22
https://github.com/apache/drill/pull/827;kkhatua;<User (kkhatua)>;merged;2017-05-05 23:38:47;2017-05-14 06:58:42
https://github.com/apache/drill/pull/826;ppadma;<User (ppadma)>;merged;2017-05-05 17:22:27;2017-06-03 04:46:22
https://github.com/apache/drill/pull/825;liuliyun1;<User (liuliyun1)>;merged;2017-05-04 05:50:51;2017-05-05 13:27:55
https://github.com/apache/drill/pull/824;vdiravka;<User (vdiravka)>;merged;2017-05-03 15:07:44;2017-06-25 01:32:49
https://github.com/apache/drill/pull/823;jinfengni;<User (jinfengni)>;merged;2017-05-02 06:31:50;2017-05-13 17:39:31
https://github.com/apache/drill/pull/822;Ben-Zvi;<User (Ben-Zvi)>;merged;2017-05-02 04:23:43;2017-06-21 00:19:39
https://github.com/apache/drill/pull/821;arina-ielchiieva;<User (arina-ielchiieva)>;merged;2017-04-27 12:29:33;2017-05-13 17:39:31
https://github.com/apache/drill/pull/820;arina-ielchiieva;<User (arina-ielchiieva)>;merged;2017-04-26 16:00:13;2017-05-01 17:24:36
https://github.com/apache/drill/pull/819;arina-ielchiieva;<User (arina-ielchiieva)>;merged;2017-04-25 15:27:14;2017-05-13 17:39:31
https://github.com/apache/drill/pull/818;vvysotskyi;<User (vvysotskyi)>;merged;2017-04-24 16:50:31;2017-06-03 04:46:22
https://github.com/apache/drill/pull/817;ppadma;<User (ppadma)>;merged;2017-04-13 01:30:24;2017-05-13 17:39:31
https://github.com/apache/drill/pull/816;paul-rogers;<User (paul-rogers)>;merged;2017-04-11 21:43:13;2017-05-05 13:27:55
https://github.com/apache/drill/pull/815;vvysotskyi;<User (vvysotskyi)>;merged;2017-04-11 14:31:14;2017-04-17 05:24:30
https://github.com/apache/drill/pull/813;pwong-mapr;<User (pwong-mapr)>;merged;2017-04-10 22:45:27;2017-04-17 05:24:29
https://github.com/apache/drill/pull/812;vdiravka;<User (vdiravka)>;merged;2017-04-10 19:35:39;2017-04-17 05:24:29
https://github.com/apache/drill/pull/811;paul-rogers;<User (paul-rogers)>;merged;2017-04-09 03:52:20;2017-05-05 13:27:55
https://github.com/apache/drill/pull/810;sudheeshkatkam;<User (sudheeshkatkam)>;merged;2017-04-07 16:01:21;2017-04-08 12:28:42
https://github.com/apache/drill/pull/809;sohami;<User (sohami)>;merged;2017-04-07 05:15:26;2017-05-20 23:53:07
https://github.com/apache/drill/pull/808;paul-rogers;<User (paul-rogers)>;merged;2017-04-06 20:57:35;2017-06-21 18:29:42
https://github.com/apache/drill/pull/807;sohami;<User (sohami)>;merged;2017-04-05 18:09:50;2017-04-17 05:24:30
https://github.com/apache/drill/pull/806;vdiravka;<User (vdiravka)>;merged;2017-04-05 15:03:21;2017-04-05 23:10:21
https://github.com/apache/drill/pull/804;arina-ielchiieva;<User (arina-ielchiieva)>;merged;2017-03-31 11:09:30;2017-04-26 10:30:05
https://github.com/apache/drill/pull/803;ppadma;<User (ppadma)>;merged;2017-03-29 04:34:56;2017-04-08 12:28:42
https://github.com/apache/drill/pull/802;ppadma;<User (ppadma)>;merged;2017-03-29 03:15:22;2017-04-03 05:12:26
https://github.com/apache/drill/pull/801;jinfengni;<User (jinfengni)>;merged;2017-03-27 23:21:30;2017-04-03 05:12:26
https://github.com/apache/drill/pull/800;paul-rogers;<User (paul-rogers)>;merged;2017-03-26 02:52:04;2017-05-05 13:27:55
https://github.com/apache/drill/pull/799;paul-rogers;<User (paul-rogers)>;merged;2017-03-26 01:27:53;2017-04-08 12:28:42
https://github.com/apache/drill/pull/798;chunhui-shi;<User (chunhui-shi)>;merged;2017-03-25 02:57:20;2017-04-03 05:12:26
https://github.com/apache/drill/pull/794;arina-ielchiieva;<User (arina-ielchiieva)>;merged;2017-03-23 14:19:00;2017-04-08 12:28:42
https://github.com/apache/drill/pull/793;Serhii-Harnyk;<User (Serhii-Harnyk)>;merged;2017-03-22 22:14:49;2017-03-30 00:32:56
https://github.com/apache/drill/pull/792;vdiravka;<User (vdiravka)>;merged;2017-03-22 16:56:59;2017-04-03 05:12:26
https://github.com/apache/drill/pull/791;laurentgo;<User (laurentgo)>;merged;2017-03-20 18:49:09;2017-04-03 05:12:26
https://github.com/apache/drill/pull/790;laurentgo;<User (laurentgo)>;merged;2017-03-20 17:57:08;2017-04-03 05:12:26
https://github.com/apache/drill/pull/789;paul-rogers;<User (paul-rogers)>;merged;2017-03-19 19:53:32;2017-06-03 04:46:22
https://github.com/apache/drill/pull/788;paul-rogers;<User (paul-rogers)>;merged;2017-03-19 03:12:35;2017-04-21 23:32:58
https://github.com/apache/drill/pull/787;paul-rogers;<User (paul-rogers)>;merged;2017-03-19 02:53:09;2017-04-08 12:28:42
https://github.com/apache/drill/pull/786;jinfengni;<User (jinfengni)>;merged;2017-03-17 01:30:40;2017-03-20 15:57:22
https://github.com/apache/drill/pull/785;paul-rogers;<User (paul-rogers)>;merged;2017-03-14 23:18:38;2017-04-21 23:32:58
https://github.com/apache/drill/pull/784;paul-rogers;<User (paul-rogers)>;merged;2017-03-14 22:08:12;2017-04-08 12:28:42
https://github.com/apache/drill/pull/783;paul-rogers;<User (paul-rogers)>;merged;2017-03-14 04:07:25;2017-04-18 02:06:14
https://github.com/apache/drill/pull/782;paul-rogers;<User (paul-rogers)>;merged;2017-03-14 03:43:45;2017-03-20 15:57:22
https://github.com/apache/drill/pull/781;parthchandra;<User (parthchandra)>;merged;2017-03-13 22:47:27;2017-04-03 05:12:26
https://github.com/apache/drill/pull/780;parthchandra;<User (parthchandra)>;merged;2017-03-13 16:28:51;2017-03-20 15:57:22
https://github.com/apache/drill/pull/778;paul-rogers;<User (paul-rogers)>;merged;2017-03-10 23:56:33;2017-05-05 13:27:55
https://github.com/apache/drill/pull/777;paul-rogers;<User (paul-rogers)>;merged;2017-03-10 19:55:33;2017-03-20 15:57:22
https://github.com/apache/drill/pull/776;chunhui-shi;<User (chunhui-shi)>;merged;2017-03-08 09:31:10;2017-08-08 17:47:51
https://github.com/apache/drill/pull/775;vdiravka;<User (vdiravka)>;merged;2017-03-07 21:04:00;2017-03-08 20:15:00
https://github.com/apache/drill/pull/773;sohami;<User (sohami)>;merged;2017-03-07 05:34:21;2017-05-20 23:53:07
https://github.com/apache/drill/pull/772;superbstreak;<User (superbstreak)>;merged;2017-03-07 02:18:19;2017-03-20 15:57:22
https://github.com/apache/drill/pull/771;superbstreak;<User (superbstreak)>;merged;2017-03-06 23:00:04;2017-04-08 12:28:42
https://github.com/apache/drill/pull/770;laurentgo;<User (laurentgo)>;merged;2017-03-03 04:42:34;2017-03-20 15:57:22
https://github.com/apache/drill/pull/769;laurentgo;<User (laurentgo)>;merged;2017-03-03 04:09:17;2017-03-03 22:10:43
https://github.com/apache/drill/pull/768;sohami;<User (sohami)>;merged;2017-03-03 03:44:01;2017-03-03 19:47:40
https://github.com/apache/drill/pull/767;paul-rogers;<User (paul-rogers)>;merged;2017-03-03 00:09:28;2017-03-20 15:57:22
https://github.com/apache/drill/pull/766;ppadma;<User (ppadma)>;merged;2017-03-01 01:45:26;2017-03-02 20:59:54
https://github.com/apache/drill/pull/765;Ben-Zvi;<User (Ben-Zvi)>;merged;2017-02-28 03:00:45;2017-03-03 22:10:43
https://github.com/apache/drill/pull/764;laurentgo;<User (laurentgo)>;merged;2017-02-27 17:42:40;2017-03-02 20:59:53
https://github.com/apache/drill/pull/763;paul-rogers;<User (paul-rogers)>;merged;2017-02-24 22:53:47;2017-03-03 22:10:43
https://github.com/apache/drill/pull/762;paul-rogers;<User (paul-rogers)>;merged;2017-02-24 20:57:53;2017-02-27 22:33:03
https://github.com/apache/drill/pull/761;paul-rogers;<User (paul-rogers)>;merged;2017-02-24 20:47:16;2017-03-02 20:59:54
https://github.com/apache/drill/pull/760;arina-ielchiieva;<User (arina-ielchiieva)>;merged;2017-02-24 13:20:39;2017-02-25 07:18:21
https://github.com/apache/drill/pull/759;arina-ielchiieva;<User (arina-ielchiieva)>;merged;2017-02-24 12:09:04;2017-02-25 07:18:21
https://github.com/apache/drill/pull/758;ppadma;<User (ppadma)>;merged;2017-02-23 00:25:44;2017-03-02 20:59:54
https://github.com/apache/drill/pull/757;ppadma;<User (ppadma)>;merged;2017-02-22 22:43:57;2017-03-02 20:59:54
https://github.com/apache/drill/pull/756;kkhatua;<User (kkhatua)>;merged;2017-02-22 20:37:01;2017-02-25 07:18:21
https://github.com/apache/drill/pull/754;paul-rogers;<User (paul-rogers)>;merged;2017-02-20 01:58:19;2017-02-25 07:18:20
https://github.com/apache/drill/pull/753;paul-rogers;<User (paul-rogers)>;merged;2017-02-18 07:39:04;2017-02-25 07:18:21
https://github.com/apache/drill/pull/752;paul-rogers;<User (paul-rogers)>;merged;2017-02-17 23:11:35;2017-03-02 20:59:54
https://github.com/apache/drill/pull/751;kkhatua;<User (kkhatua)>;merged;2017-02-17 22:25:08;2017-02-25 07:18:21
https://github.com/apache/drill/pull/750;paul-rogers;<User (paul-rogers)>;merged;2017-02-17 19:28:51;2017-02-25 07:18:21
https://github.com/apache/drill/pull/749;paul-rogers;<User (paul-rogers)>;merged;2017-02-17 19:24:08;2017-03-02 20:59:54
https://github.com/apache/drill/pull/748;Serhii-Harnyk;<User (Serhii-Harnyk)>;merged;2017-02-14 12:22:43;2017-02-21 16:24:58
https://github.com/apache/drill/pull/747;paul-rogers;<User (paul-rogers)>;merged;2017-02-13 03:51:51;2017-02-25 07:18:21
https://github.com/apache/drill/pull/746;paul-rogers;<User (paul-rogers)>;merged;2017-02-12 23:33:57;2017-02-14 03:48:26
https://github.com/apache/drill/pull/745;lifove;<User (lifove)>;merged;2017-02-11 02:09:35;2017-03-02 20:59:54
https://github.com/apache/drill/pull/744;arina-ielchiieva;<User (arina-ielchiieva)>;merged;2017-02-06 15:04:08;2017-02-11 02:18:29
https://github.com/apache/drill/pull/743;arina-ielchiieva;<User (arina-ielchiieva)>;merged;2017-02-06 14:32:50;2017-02-08 06:24:22
https://github.com/apache/drill/pull/742;kkhatua;<User (kkhatua)>;merged;2017-02-04 01:31:10;2017-02-21 19:27:02
https://github.com/apache/drill/pull/741;chunhui-shi;<User (chunhui-shi)>;merged;2017-02-04 00:10:26;2017-02-25 07:18:21
https://github.com/apache/drill/pull/740;parthchandra;<User (parthchandra)>;merged;2017-02-03 18:58:36;2017-02-04 03:59:16
https://github.com/apache/drill/pull/739;kkhatua;<User (kkhatua)>;merged;2017-02-03 00:51:07;2017-02-21 19:26:44
https://github.com/apache/drill/pull/738;kkhatua;<User (kkhatua)>;merged;2017-02-02 21:29:34;2017-02-25 07:18:21
https://github.com/apache/drill/pull/737;kkhatua;<User (kkhatua)>;merged;2017-02-02 19:26:33;2017-02-02 20:56:38
https://github.com/apache/drill/pull/736;arina-ielchiieva;<User (arina-ielchiieva)>;merged;2017-02-02 14:22:29;2017-02-04 03:59:16
https://github.com/apache/drill/pull/735;Serhii-Harnyk;<User (Serhii-Harnyk)>;merged;2017-02-01 11:40:30;2017-02-04 03:59:16
https://github.com/apache/drill/pull/734;dmitriyHavrilovich;<User (dmitriyHavrilovich)>;merged;2017-01-31 16:01:34;2017-01-31 16:04:10
https://github.com/apache/drill/pull/733;laurentgo;<User (laurentgo)>;merged;2017-01-31 00:50:18;2017-03-02 20:59:54
https://github.com/apache/drill/pull/732;kkhatua;<User (kkhatua)>;merged;2017-01-30 07:11:34;2017-02-02 21:53:52
https://github.com/apache/drill/pull/731;arina-ielchiieva;<User (arina-ielchiieva)>;merged;2017-01-27 15:30:24;2017-02-04 03:59:16
https://github.com/apache/drill/pull/730;ppadma;<User (ppadma)>;merged;2017-01-26 17:48:39;2017-02-08 06:24:22
https://github.com/apache/drill/pull/728;laurentgo;<User (laurentgo)>;merged;2017-01-25 18:56:07;2017-02-04 03:59:16
https://github.com/apache/drill/pull/727;laurentgo;<User (laurentgo)>;merged;2017-01-25 18:55:12;2017-02-08 06:24:22
https://github.com/apache/drill/pull/726;sudheeshkatkam;<User (sudheeshkatkam)>;merged;2017-01-24 21:18:42;2017-01-30 19:43:02
https://github.com/apache/drill/pull/725;arina-ielchiieva;<User (arina-ielchiieva)>;merged;2017-01-24 14:02:31;2017-02-04 03:59:16
https://github.com/apache/drill/pull/724;davidhaller;<User (davidhaller)>;merged;2017-01-20 20:29:24;2017-02-08 06:24:22
https://github.com/apache/drill/pull/723;parthchandra;<User (parthchandra)>;merged;2017-01-20 07:06:55;2017-02-04 03:59:16
https://github.com/apache/drill/pull/722;chunhui-shi;<User (chunhui-shi)>;merged;2017-01-16 17:09:26;2017-02-04 00:01:08
https://github.com/apache/drill/pull/721;kkhatua;<User (kkhatua)>;merged;2017-01-12 00:47:48;2017-01-14 04:11:54
https://github.com/apache/drill/pull/720;flowbehappy;<User (flowbehappy)>;merged;2017-01-06 10:52:51;2017-06-24 06:33:47
https://github.com/apache/drill/pull/719;kkhatua;<User (kkhatua)>;merged;2017-01-04 07:27:14;2017-01-12 00:23:42
https://github.com/apache/drill/pull/718;ppadma;<User (ppadma)>;merged;2017-01-04 04:08:45;2017-01-08 21:40:19
https://github.com/apache/drill/pull/717;paul-rogers;<User (paul-rogers)>;merged;2017-01-02 03:08:06;2017-02-13 03:51:03
https://github.com/apache/drill/pull/716;paul-rogers;<User (paul-rogers)>;merged;2017-01-01 21:09:23;2017-01-11 02:32:14
https://github.com/apache/drill/pull/715;chunhui-shi;<User (chunhui-shi)>;merged;2017-01-01 09:27:56;2017-01-14 01:48:08
https://github.com/apache/drill/pull/714;arina-ielchiieva;<User (arina-ielchiieva)>;merged;2016-12-29 17:02:48;2017-01-14 01:48:08
https://github.com/apache/drill/pull/713;Serhii-Harnyk;<User (Serhii-Harnyk)>;merged;2016-12-29 16:08:01;2017-01-30 20:50:39
https://github.com/apache/drill/pull/712;laurentgo;<User (laurentgo)>;merged;2016-12-29 01:06:16;2017-03-02 20:59:54
https://github.com/apache/drill/pull/711;Serhii-Harnyk;<User (Serhii-Harnyk)>;merged;2016-12-28 17:08:47;2017-01-24 06:15:44
https://github.com/apache/drill/pull/710;paul-rogers;<User (paul-rogers)>;merged;2016-12-28 07:10:11;2017-01-30 19:43:02
https://github.com/apache/drill/pull/708;paul-rogers;<User (paul-rogers)>;merged;2016-12-28 02:54:40;2017-01-14 01:48:08
https://github.com/apache/drill/pull/707;paul-rogers;<User (paul-rogers)>;merged;2016-12-28 02:17:22;2017-02-21 15:51:57
https://github.com/apache/drill/pull/706;arina-ielchiieva;<User (arina-ielchiieva)>;merged;2016-12-27 13:31:50;2017-01-08 21:40:19
https://github.com/apache/drill/pull/705;jinfengni;<User (jinfengni)>;merged;2016-12-23 22:40:29;2017-01-04 21:44:22
https://github.com/apache/drill/pull/704;paul-rogers;<User (paul-rogers)>;merged;2016-12-22 03:02:55;2017-04-04 22:13:54
https://github.com/apache/drill/pull/703;paul-rogers;<User (paul-rogers)>;merged;2016-12-22 01:44:22;2017-01-24 06:15:44
https://github.com/apache/drill/pull/702;chunhui-shi;<User (chunhui-shi)>;merged;2016-12-21 20:49:56;2017-02-25 07:18:21
https://github.com/apache/drill/pull/701;arina-ielchiieva;<User (arina-ielchiieva)>;merged;2016-12-21 14:43:58;2017-03-02 20:59:54
https://github.com/apache/drill/pull/699;spanchamiamapr;<User (spanchamiamapr)>;merged;2016-12-21 09:38:05;2016-12-21 09:39:08
https://github.com/apache/drill/pull/698;superbstreak;<User (superbstreak)>;merged;2016-12-19 23:11:51;2016-12-28 03:38:31
https://github.com/apache/drill/pull/697;vdiravka;<User (vdiravka)>;merged;2016-12-15 19:36:30;2017-01-24 06:15:44
https://github.com/apache/drill/pull/696;chunhui-shi;<User (chunhui-shi)>;merged;2016-12-14 02:03:21;2017-01-14 04:11:54
https://github.com/apache/drill/pull/695;chunhui-shi;<User (chunhui-shi)>;merged;2016-12-14 01:11:16;2017-01-14 04:11:54
https://github.com/apache/drill/pull/694;paul-rogers;<User (paul-rogers)>;merged;2016-12-13 23:12:10;2016-12-15 19:50:08
https://github.com/apache/drill/pull/693;paul-rogers;<User (paul-rogers)>;merged;2016-12-13 01:04:49;2016-12-15 19:58:12
https://github.com/apache/drill/pull/692;paul-rogers;<User (paul-rogers)>;merged;2016-12-12 17:28:09;2016-12-20 04:27:52
https://github.com/apache/drill/pull/691;vdiravka;<User (vdiravka)>;merged;2016-12-12 12:26:29;2016-12-13 00:40:23
https://github.com/apache/drill/pull/690;bitblender;<User (bitblender)>;merged;2016-12-10 20:10:21;2017-01-08 21:40:19
https://github.com/apache/drill/pull/689;Serhii-Harnyk;<User (Serhii-Harnyk)>;merged;2016-12-10 10:14:57;2016-12-13 00:40:23
https://github.com/apache/drill/pull/688;pwong-mapr;<User (pwong-mapr)>;merged;2016-12-09 22:26:50;2016-12-13 00:40:23
https://github.com/apache/drill/pull/687;vdiravka;<User (vdiravka)>;merged;2016-12-09 21:49:28;2017-01-14 01:48:08
https://github.com/apache/drill/pull/686;Serhii-Harnyk;<User (Serhii-Harnyk)>;merged;2016-12-09 16:15:58;2016-12-20 04:27:52
https://github.com/apache/drill/pull/685;nagarajanchinnasamy;<User (nagarajanchinnasamy)>;merged;2016-12-08 13:27:38;2017-02-09 19:13:46
https://github.com/apache/drill/pull/684;paul-rogers;<User (paul-rogers)>;merged;2016-12-08 05:48:56;2016-12-10 07:15:28
https://github.com/apache/drill/pull/683;paul-rogers;<User (paul-rogers)>;merged;2016-12-07 18:35:20;2016-12-15 19:58:38
https://github.com/apache/drill/pull/682;paul-rogers;<User (paul-rogers)>;merged;2016-12-07 05:41:09;2016-12-13 00:40:23
https://github.com/apache/drill/pull/681;paul-rogers;<User (paul-rogers)>;merged;2016-12-07 05:30:52;2016-12-13 00:40:23
https://github.com/apache/drill/pull/680;paul-rogers;<User (paul-rogers)>;merged;2016-12-07 03:39:05;2016-12-13 00:40:23
https://github.com/apache/drill/pull/679;sohami;<User (sohami)>;merged;2016-12-06 23:22:51;2016-12-20 04:27:52
https://github.com/apache/drill/pull/678;spanchamiamapr;<User (spanchamiamapr)>;merged;2016-12-05 21:54:17;2016-12-13 00:40:23
https://github.com/apache/drill/pull/677;spanchamiamapr;<User (spanchamiamapr)>;merged;2016-12-05 19:00:25;2016-12-14 06:47:54
https://github.com/apache/drill/pull/676;paul-rogers;<User (paul-rogers)>;merged;2016-12-02 22:05:00;2016-12-13 00:40:23
https://github.com/apache/drill/pull/675;chunhui-shi;<User (chunhui-shi)>;merged;2016-12-02 04:19:01;2016-12-04 19:21:37
https://github.com/apache/drill/pull/674;amansinha100;<User (amansinha100)>;merged;2016-12-01 00:11:00;2016-12-04 19:21:37
https://github.com/apache/drill/pull/673;Serhii-Harnyk;<User (Serhii-Harnyk)>;merged;2016-11-30 16:05:53;2017-01-30 19:43:03
https://github.com/apache/drill/pull/672;arina-ielchiieva;<User (arina-ielchiieva)>;merged;2016-11-30 16:03:40;2016-12-13 00:40:23
https://github.com/apache/drill/pull/670;spanchamiamapr;<User (spanchamiamapr)>;merged;2016-11-28 22:06:51;2016-12-05 19:00:59
https://github.com/apache/drill/pull/669;arina-ielchiieva;<User (arina-ielchiieva)>;merged;2016-11-28 11:19:24;2016-12-13 00:40:23
https://github.com/apache/drill/pull/667;spanchamiamapr;<User (spanchamiamapr)>;merged;2016-11-23 19:12:55;2016-11-28 22:06:02
https://github.com/apache/drill/pull/666;arina-ielchiieva;<User (arina-ielchiieva)>;merged;2016-11-23 10:02:26;2017-01-24 06:15:44
https://github.com/apache/drill/pull/665;paul-rogers;<User (paul-rogers)>;merged;2016-11-21 18:19:55;2016-12-13 00:40:23
https://github.com/apache/drill/pull/664;paul-rogers;<User (paul-rogers)>;merged;2016-11-21 18:15:48;2016-11-28 18:25:38
https://github.com/apache/drill/pull/663;zhztheplayer;<User (zhztheplayer)>;merged;2016-11-21 12:50:24;2016-11-25 06:22:06
https://github.com/apache/drill/pull/662;zhztheplayer;<User (zhztheplayer)>;merged;2016-11-21 12:31:51;2016-12-20 04:27:52
https://github.com/apache/drill/pull/661;kirillrst;<User (kirillrst)>;merged;2016-11-20 16:46:47;2016-11-20 16:54:16
https://github.com/apache/drill/pull/660;paul-rogers;<User (paul-rogers)>;merged;2016-11-20 03:04:05;2016-12-20 04:27:53
https://github.com/apache/drill/pull/659;parthchandra;<User (parthchandra)>;merged;2016-11-18 23:28:29;2016-12-04 19:21:37
https://github.com/apache/drill/pull/657;Serhii-Harnyk;<User (Serhii-Harnyk)>;merged;2016-11-18 08:48:47;2016-12-13 00:40:23
https://github.com/apache/drill/pull/656;vdiravka;<User (vdiravka)>;merged;2016-11-17 19:54:57;2017-03-02 20:59:54
https://github.com/apache/drill/pull/655;arina-ielchiieva;<User (arina-ielchiieva)>;merged;2016-11-17 14:15:47;2016-11-18 19:14:08
https://github.com/apache/drill/pull/654;Serhii-Harnyk;<User (Serhii-Harnyk)>;merged;2016-11-17 10:23:36;2016-12-20 04:27:52
https://github.com/apache/drill/pull/653;ppadma;<User (ppadma)>;merged;2016-11-16 17:11:43;2016-11-23 23:42:30
https://github.com/apache/drill/pull/651;parthchandra;<User (parthchandra)>;merged;2016-11-09 17:00:17;2016-11-09 17:56:12
https://github.com/apache/drill/pull/650;arina-ielchiieva;<User (arina-ielchiieva)>;merged;2016-11-09 12:45:34;2016-11-09 17:56:12
https://github.com/apache/drill/pull/649;xhochy;<User (xhochy)>;merged;2016-11-09 12:03:22;2016-11-23 23:42:30
https://github.com/apache/drill/pull/648;sohami;<User (sohami)>;merged;2016-11-08 22:15:06;2016-12-05 18:57:55
https://github.com/apache/drill/pull/647;harrisonmebane;<User (harrisonmebane)>;merged;2016-11-06 20:30:42;2016-11-23 23:42:30
https://github.com/apache/drill/pull/646;parthchandra;<User (parthchandra)>;merged;2016-11-04 18:24:30;2016-11-05 00:11:49
https://github.com/apache/drill/pull/645;arina-ielchiieva;<User (arina-ielchiieva)>;merged;2016-11-03 16:44:50;2016-11-23 23:42:30
https://github.com/apache/drill/pull/644;vdiravka;<User (vdiravka)>;merged;2016-11-03 10:34:30;2016-11-23 23:42:30
https://github.com/apache/drill/pull/643;vdiravka;<User (vdiravka)>;merged;2016-11-02 13:55:07;2016-11-02 18:47:31
https://github.com/apache/drill/pull/642;sudheeshkatkam;<User (sudheeshkatkam)>;merged;2016-11-02 03:49:16;2016-12-13 00:40:23
https://github.com/apache/drill/pull/641;paul-rogers;<User (paul-rogers)>;merged;2016-11-02 00:58:52;2016-11-02 18:47:31
https://github.com/apache/drill/pull/640;gparai;<User (gparai)>;merged;2016-10-31 21:49:49;2016-10-31 21:56:53
https://github.com/apache/drill/pull/638;chunhui-shi;<User (chunhui-shi)>;merged;2016-10-31 06:03:07;2016-12-04 19:21:37
https://github.com/apache/drill/pull/637;jinfengni;<User (jinfengni)>;merged;2016-10-31 05:21:14;2016-11-05 00:11:49
https://github.com/apache/drill/pull/636;chunhui-shi;<User (chunhui-shi)>;merged;2016-10-30 07:27:53;2016-11-02 18:47:31
https://github.com/apache/drill/pull/635;KulykRoman;<User (KulykRoman)>;merged;2016-10-28 18:11:52;2016-11-02 18:47:31
https://github.com/apache/drill/pull/634;bitblender;<User (bitblender)>;merged;2016-10-27 23:41:30;2016-10-30 15:23:44
https://github.com/apache/drill/pull/633;sudheeshkatkam;<User (sudheeshkatkam)>;merged;2016-10-27 05:24:10;2016-10-30 15:23:44
https://github.com/apache/drill/pull/632;laurentgo;<User (laurentgo)>;merged;2016-10-27 00:21:33;2016-11-05 01:01:47
https://github.com/apache/drill/pull/631;laurentgo;<User (laurentgo)>;merged;2016-10-26 22:20:40;2016-10-28 00:25:33
https://github.com/apache/drill/pull/629;jinfengni;<User (jinfengni)>;merged;2016-10-26 19:33:24;2016-10-30 15:23:44
https://github.com/apache/drill/pull/628;sohami;<User (sohami)>;merged;2016-10-26 02:01:03;2016-10-28 17:24:11
https://github.com/apache/drill/pull/627;mlavende;<User (mlavende)>;merged;2016-10-21 21:11:39;2016-12-13 00:40:23
https://github.com/apache/drill/pull/626;paul-rogers;<User (paul-rogers)>;merged;2016-10-20 20:47:20;2016-10-22 00:33:28
https://github.com/apache/drill/pull/624;spanchamiamapr;<User (spanchamiamapr)>;merged;2016-10-20 00:33:23;2016-10-22 00:33:27
https://github.com/apache/drill/pull/623;Ben-Zvi;<User (Ben-Zvi)>;merged;2016-10-18 23:59:42;2016-10-22 00:33:27
https://github.com/apache/drill/pull/622;laurentgo;<User (laurentgo)>;merged;2016-10-18 22:13:22;2016-10-19 22:53:16
https://github.com/apache/drill/pull/621;sudheeshkatkam;<User (sudheeshkatkam)>;merged;2016-10-18 21:23:50;2016-10-22 00:33:27
https://github.com/apache/drill/pull/618;laurentgo;<User (laurentgo)>;merged;2016-10-14 18:32:11;2016-11-05 01:01:46
https://github.com/apache/drill/pull/614;laurentgo;<User (laurentgo)>;merged;2016-10-12 23:07:33;2016-10-13 17:13:49
https://github.com/apache/drill/pull/613;laurentgo;<User (laurentgo)>;merged;2016-10-12 23:07:23;2017-03-02 20:59:53
https://github.com/apache/drill/pull/612;laurentgo;<User (laurentgo)>;merged;2016-10-12 22:59:30;2016-10-13 17:13:49
https://github.com/apache/drill/pull/611;parthchandra;<User (parthchandra)>;merged;2016-10-12 20:46:30;2016-11-05 00:11:49
https://github.com/apache/drill/pull/610;arina-ielchiieva;<User (arina-ielchiieva)>;merged;2016-10-12 11:31:12;2016-11-05 01:01:47
https://github.com/apache/drill/pull/607;cgivre;<User (cgivre)>;merged;2016-10-11 01:37:23;2016-11-01 20:30:08
https://github.com/apache/drill/pull/605;paul-rogers;<User (paul-rogers)>;merged;2016-10-07 23:13:52;2016-10-18 23:47:00
https://github.com/apache/drill/pull/604;chunhui-shi;<User (chunhui-shi)>;merged;2016-10-06 07:43:58;2016-10-10 21:47:16
https://github.com/apache/drill/pull/603;KulykRoman;<User (KulykRoman)>;merged;2016-10-05 09:58:59;2016-10-12 14:42:50
https://github.com/apache/drill/pull/602;laurentgo;<User (laurentgo)>;merged;2016-10-04 02:11:15;2016-11-01 20:30:08
https://github.com/apache/drill/pull/601;laurentgo;<User (laurentgo)>;merged;2016-10-03 22:50:19;2016-10-13 17:26:50
https://github.com/apache/drill/pull/600;vdiravka;<User (vdiravka)>;merged;2016-09-30 15:33:12;2016-11-01 20:30:08
https://github.com/apache/drill/pull/599;jinfengni;<User (jinfengni)>;merged;2016-09-28 17:54:45;
https://github.com/apache/drill/pull/598;Serhii-Harnyk;<User (Serhii-Harnyk)>;merged;2016-09-27 14:40:50;2016-10-06 01:10:28
https://github.com/apache/drill/pull/597;ppadma;<User (ppadma)>;merged;2016-09-27 00:48:36;2016-10-22 00:33:28
https://github.com/apache/drill/pull/596;laurentgo;<User (laurentgo)>;merged;2016-09-27 00:39:17;2016-10-12 22:44:37
https://github.com/apache/drill/pull/595;vdiravka;<User (vdiravka)>;merged;2016-09-22 13:47:39;2016-10-18 23:47:00
https://github.com/apache/drill/pull/593;fmethot;<User (fmethot)>;merged;2016-09-21 00:19:47;2016-10-18 23:47:00
https://github.com/apache/drill/pull/592;parthchandra;<User (parthchandra)>;merged;2016-09-20 17:02:22;2016-10-28 01:48:14
https://github.com/apache/drill/pull/591;Ben-Zvi;<User (Ben-Zvi)>;merged;2016-09-19 22:33:09;2016-09-20 01:29:03
https://github.com/apache/drill/pull/590;tumen;<User (tumen)>;merged;2016-09-18 03:11:32;2016-09-18 03:14:33
https://github.com/apache/drill/pull/589;tumen;<User (tumen)>;merged;2016-09-18 03:07:45;2016-09-18 03:09:12
https://github.com/apache/drill/pull/588;gparai;<User (gparai)>;merged;2016-09-17 00:46:52;2016-09-20 01:29:03
https://github.com/apache/drill/pull/587;adityakishore;<User (adityakishore)>;merged;2016-09-16 20:34:59;
https://github.com/apache/drill/pull/586;adityakishore;<User (adityakishore)>;merged;2016-09-11 20:26:33;
https://github.com/apache/drill/pull/585;Ben-Zvi;<User (Ben-Zvi)>;merged;2016-09-10 01:10:19;2016-09-19 22:22:41
https://github.com/apache/drill/pull/584;zhztheplayer;<User (zhztheplayer)>;merged;2016-09-09 08:29:16;2016-10-30 15:23:44
https://github.com/apache/drill/pull/583;amansinha100;<User (amansinha100)>;merged;2016-09-08 21:35:48;
https://github.com/apache/drill/pull/581;Serhii-Harnyk;<User (Serhii-Harnyk)>;merged;2016-09-06 12:43:58;2017-02-11 02:18:29
https://github.com/apache/drill/pull/579;vdiravka;<User (vdiravka)>;merged;2016-09-05 10:09:39;2016-09-09 09:02:35
https://github.com/apache/drill/pull/578;sudheeshkatkam;<User (sudheeshkatkam)>;merged;2016-08-31 17:58:06;2017-02-25 07:18:21
https://github.com/apache/drill/pull/576;arina-ielchiieva;<User (arina-ielchiieva)>;merged;2016-08-24 17:40:48;2016-08-24 21:56:27
https://github.com/apache/drill/pull/575;amansinha100;<User (amansinha100)>;merged;2016-08-23 16:10:02;2016-08-24 06:05:38
https://github.com/apache/drill/pull/574;arina-ielchiieva;<User (arina-ielchiieva)>;merged;2016-08-23 09:26:23;2016-10-18 23:47:00
https://github.com/apache/drill/pull/572;paul-rogers;<User (paul-rogers)>;merged;2016-08-18 19:42:19;2016-08-19 22:16:16
https://github.com/apache/drill/pull/571;laurentgo;<User (laurentgo)>;merged;2016-08-18 17:04:52;2016-11-05 06:18:25
https://github.com/apache/drill/pull/569;amansinha100;<User (amansinha100)>;merged;2016-08-16 01:46:57;2016-08-17 20:14:36
https://github.com/apache/drill/pull/568;amansinha100;<User (amansinha100)>;merged;2016-08-16 01:39:17;2016-08-16 01:40:37
https://github.com/apache/drill/pull/566;amansinha100;<User (amansinha100)>;merged;2016-08-11 00:16:45;2016-08-24 16:33:46
https://github.com/apache/drill/pull/564;paul-rogers;<User (paul-rogers)>;merged;2016-08-09 18:16:53;2016-08-09 19:06:17
https://github.com/apache/drill/pull/563;gparai;<User (gparai)>;merged;2016-08-09 01:23:57;2016-08-09 14:51:05
https://github.com/apache/drill/pull/562;amansinha100;<User (amansinha100)>;merged;2016-08-08 05:04:43;2016-08-10 23:48:00
https://github.com/apache/drill/pull/561;adeneche;<User (adeneche)>;merged;2016-08-08 03:12:24;2016-08-09 19:06:17
https://github.com/apache/drill/pull/560;arina-ielchiieva;<User (arina-ielchiieva)>;merged;2016-08-07 18:11:19;2016-11-05 01:01:47
https://github.com/apache/drill/pull/559;jinfengni;<User (jinfengni)>;merged;2016-08-05 04:19:08;
https://github.com/apache/drill/pull/558;paul-rogers;<User (paul-rogers)>;merged;2016-08-02 22:17:38;2016-08-07 17:00:29
https://github.com/apache/drill/pull/557;parthchandra;<User (parthchandra)>;merged;2016-08-02 21:06:20;2016-08-02 21:45:28
https://github.com/apache/drill/pull/556;pwong-mapr;<User (pwong-mapr)>;merged;2016-08-02 01:05:16;2016-08-07 17:00:29
https://github.com/apache/drill/pull/555;amansinha100;<User (amansinha100)>;merged;2016-07-29 19:29:39;2016-08-02 05:56:41
https://github.com/apache/drill/pull/554;arina-ielchiieva;<User (arina-ielchiieva)>;merged;2016-07-26 14:08:04;2016-07-26 18:09:43
https://github.com/apache/drill/pull/553;amansinha100;<User (amansinha100)>;merged;2016-07-25 17:13:23;2016-07-28 00:24:19
https://github.com/apache/drill/pull/552;gparai;<User (gparai)>;merged;2016-07-22 07:53:49;2016-07-29 14:37:50
https://github.com/apache/drill/pull/551;arina-ielchiieva;<User (arina-ielchiieva)>;merged;2016-07-21 13:44:02;2016-11-02 18:47:31
https://github.com/apache/drill/pull/550;amansinha100;<User (amansinha100)>;merged;2016-07-21 06:21:42;2016-07-21 17:48:40
https://github.com/apache/drill/pull/548;vkorukanti;<User (vkorukanti)>;merged;2016-07-19 00:54:14;2016-07-20 01:22:48
https://github.com/apache/drill/pull/547;paul-rogers;<User (paul-rogers)>;merged;2016-07-18 23:07:19;2016-07-23 00:43:07
https://github.com/apache/drill/pull/546;chunhui-shi;<User (chunhui-shi)>;merged;2016-07-18 17:20:22;2016-07-22 05:36:01
https://github.com/apache/drill/pull/545;arina-ielchiieva;<User (arina-ielchiieva)>;merged;2016-07-18 09:55:43;2016-07-23 04:58:58
https://github.com/apache/drill/pull/544;paul-rogers;<User (paul-rogers)>;merged;2016-07-12 23:20:12;2016-07-18 23:07:59
https://github.com/apache/drill/pull/543;jinfengni;<User (jinfengni)>;merged;2016-07-11 16:17:29;
https://github.com/apache/drill/pull/542;paul-rogers;<User (paul-rogers)>;merged;2016-07-11 05:30:49;2016-07-11 21:29:53
https://github.com/apache/drill/pull/541;vdiravka;<User (vdiravka)>;merged;2016-07-06 10:14:59;2016-07-23 04:58:58
https://github.com/apache/drill/pull/540;ppadma;<User (ppadma)>;merged;2016-07-05 18:46:26;2016-07-20 04:53:52
https://github.com/apache/drill/pull/539;ppadma;<User (ppadma)>;merged;2016-07-01 21:21:52;2016-07-01 21:29:29
https://github.com/apache/drill/pull/538;bbevens;<User (bbevens)>;merged;2016-06-29 18:05:45;
https://github.com/apache/drill/pull/537;chunhui-shi;<User (chunhui-shi)>;merged;2016-06-29 17:45:30;2016-07-23 04:58:58
https://github.com/apache/drill/pull/535;chunhui-shi;<User (chunhui-shi)>;merged;2016-06-28 22:36:14;2016-06-29 17:09:34
https://github.com/apache/drill/pull/534;gparai;<User (gparai)>;merged;2016-06-21 21:54:18;2016-07-23 00:00:27
https://github.com/apache/drill/pull/533;gparai;<User (gparai)>;merged;2016-06-21 21:00:40;2016-06-21 21:22:01
https://github.com/apache/drill/pull/532;vkorukanti;<User (vkorukanti)>;merged;2016-06-21 16:32:44;2016-08-08 21:51:14
https://github.com/apache/drill/pull/531;arina-ielchiieva;<User (arina-ielchiieva)>;merged;2016-06-21 14:08:47;2016-08-07 14:50:07
https://github.com/apache/drill/pull/530;vkorukanti;<User (vkorukanti)>;merged;2016-06-20 16:00:04;2016-08-08 20:50:09
https://github.com/apache/drill/pull/529;gparai;<User (gparai)>;merged;2016-06-19 15:20:04;2016-07-14 22:26:22
https://github.com/apache/drill/pull/528;adityakishore;<User (adityakishore)>;merged;2016-06-18 07:28:55;
https://github.com/apache/drill/pull/527;vkorukanti;<User (vkorukanti)>;merged;2016-06-17 23:41:51;2016-08-07 19:51:29
https://github.com/apache/drill/pull/526;gparai;<User (gparai)>;merged;2016-06-17 20:41:42;2016-07-14 23:36:16
https://github.com/apache/drill/pull/525;adityakishore;<User (adityakishore)>;merged;2016-06-16 20:58:55;
https://github.com/apache/drill/pull/524;vkorukanti;<User (vkorukanti)>;merged;2016-06-15 18:35:43;
https://github.com/apache/drill/pull/523;arina-ielchiieva;<User (arina-ielchiieva)>;merged;2016-06-14 19:39:02;2016-06-21 13:35:59
https://github.com/apache/drill/pull/522;arina-ielchiieva;<User (arina-ielchiieva)>;merged;2016-06-14 19:31:34;2016-06-21 13:45:54
https://github.com/apache/drill/pull/521;jinfengni;<User (jinfengni)>;merged;2016-06-14 15:42:18;
https://github.com/apache/drill/pull/520;vdiravka;<User (vdiravka)>;merged;2016-06-13 08:37:07;2017-04-03 05:12:26
https://github.com/apache/drill/pull/519;amansinha100;<User (amansinha100)>;merged;2016-06-12 23:24:18;2016-07-19 00:18:32
https://github.com/apache/drill/pull/518;ssriniva123;<User (ssriniva123)>;merged;2016-06-10 23:06:19;2016-10-18 23:47:00
https://github.com/apache/drill/pull/517;daveoshinsky;<User (daveoshinsky)>;merged;2016-06-09 22:08:30;2016-08-09 04:26:42
https://github.com/apache/drill/pull/516;vdiravka;<User (vdiravka)>;merged;2016-06-08 16:31:31;2016-07-15 18:52:20
https://github.com/apache/drill/pull/515;jinfengni;<User (jinfengni)>;merged;2016-06-06 23:26:39;
https://github.com/apache/drill/pull/514;parthchandra;<User (parthchandra)>;merged;2016-06-04 00:52:29;2016-07-22 21:28:20
https://github.com/apache/drill/pull/513;parthchandra;<User (parthchandra)>;merged;2016-06-04 00:37:14;
https://github.com/apache/drill/pull/512;jcmcote;<User (jcmcote)>;merged;2016-06-01 14:06:35;2016-06-16 03:38:17
https://github.com/apache/drill/pull/511;arina-ielchiieva;<User (arina-ielchiieva)>;merged;2016-06-01 11:19:15;2016-06-21 13:48:07
https://github.com/apache/drill/pull/509;chunhui-shi;<User (chunhui-shi)>;merged;2016-05-26 07:00:47;2016-10-10 21:47:16
https://github.com/apache/drill/pull/508;amansinha100;<User (amansinha100)>;merged;2016-05-26 00:25:10;2016-05-26 01:18:05
https://github.com/apache/drill/pull/507;PythonicNinja;<User (PythonicNinja)>;merged;2016-05-21 18:49:22;2016-07-23 04:58:59
https://github.com/apache/drill/pull/506;aaas24;<User (aaas24)>;merged;2016-05-20 20:23:10;2016-06-02 18:05:21
https://github.com/apache/drill/pull/504;amansinha100;<User (amansinha100)>;merged;2016-05-20 05:22:41;2016-05-20 22:08:46
https://github.com/apache/drill/pull/503;adeneche;<User (adeneche)>;merged;2016-05-15 16:21:18;2016-05-19 01:50:27
https://github.com/apache/drill/pull/502;jcmcote;<User (jcmcote)>;merged;2016-05-14 22:09:03;2016-07-22 10:11:04
https://github.com/apache/drill/pull/501;vdiravka;<User (vdiravka)>;merged;2016-05-11 12:23:15;2016-06-21 14:40:26
https://github.com/apache/drill/pull/500;arina-ielchiieva;<User (arina-ielchiieva)>;merged;2016-05-09 16:22:20;2016-06-21 13:58:05
https://github.com/apache/drill/pull/499;adeneche;<User (adeneche)>;merged;2016-05-05 00:09:29;2016-05-07 00:14:49
https://github.com/apache/drill/pull/496;pwong-mapr;<User (pwong-mapr)>;merged;2016-05-04 20:25:42;2016-10-07 00:27:23
https://github.com/apache/drill/pull/495;sudheeshkatkam;<User (sudheeshkatkam)>;merged;2016-05-04 06:13:19;2016-05-17 22:06:56
https://github.com/apache/drill/pull/494;pwong-mapr;<User (pwong-mapr)>;merged;2016-05-03 22:19:50;2016-05-03 22:50:28
https://github.com/apache/drill/pull/493;parthchandra;<User (parthchandra)>;merged;2016-05-03 15:33:53;2016-07-15 18:52:20
https://github.com/apache/drill/pull/492;pwong-mapr;<User (pwong-mapr)>;merged;2016-05-03 01:30:57;2016-05-03 17:51:03
https://github.com/apache/drill/pull/491;arina-ielchiieva;<User (arina-ielchiieva)>;merged;2016-05-02 14:50:37;2016-06-27 09:32:22
https://github.com/apache/drill/pull/490;hsuanyi;<User (hsuanyi)>;merged;2016-04-29 03:59:05;2016-05-04 16:26:47
https://github.com/apache/drill/pull/487;yaojingguo;<User (yaojingguo)>;merged;2016-04-22 10:08:52;2016-10-11 01:45:45
https://github.com/apache/drill/pull/486;sudheeshkatkam;<User (sudheeshkatkam)>;merged;2016-04-21 17:34:11;2016-08-07 17:00:29
https://github.com/apache/drill/pull/485;chunhui-shi;<User (chunhui-shi)>;merged;2016-04-18 23:59:12;2016-04-20 05:32:52
https://github.com/apache/drill/pull/483;vkorukanti;<User (vkorukanti)>;merged;2016-04-18 14:15:55;2016-08-07 21:04:34
https://github.com/apache/drill/pull/482;arina-ielchiieva;<User (arina-ielchiieva)>;merged;2016-04-18 12:08:09;2016-12-04 19:21:37
https://github.com/apache/drill/pull/481;aaas24;<User (aaas24)>;merged;2016-04-15 18:30:41;2016-05-20 20:15:20
https://github.com/apache/drill/pull/478;paul-rogers;<User (paul-rogers)>;merged;2016-04-14 17:42:51;2016-10-06 23:25:41
https://github.com/apache/drill/pull/477;paul-rogers;<User (paul-rogers)>;merged;2016-04-14 00:12:01;2016-04-14 17:38:51
https://github.com/apache/drill/pull/476;vkorukanti;<User (vkorukanti)>;merged;2016-04-13 18:31:50;2016-08-07 21:01:09
https://github.com/apache/drill/pull/475;vdiravka;<User (vdiravka)>;merged;2016-04-13 11:37:18;2016-05-03 17:51:04
https://github.com/apache/drill/pull/474;arina-ielchiieva;<User (arina-ielchiieva)>;merged;2016-04-08 17:02:53;2016-11-01 15:25:12
https://github.com/apache/drill/pull/473;vkorukanti;<User (vkorukanti)>;merged;2016-04-07 22:03:28;2016-04-13 18:28:02
https://github.com/apache/drill/pull/472;arina-ielchiieva;<User (arina-ielchiieva)>;merged;2016-04-07 20:16:48;2016-05-03 17:51:04
https://github.com/apache/drill/pull/471;jinfengni;<User (jinfengni)>;merged;2016-04-07 18:35:12;2016-10-03 22:04:18
https://github.com/apache/drill/pull/470;chunhui-shi;<User (chunhui-shi)>;merged;2016-04-07 07:59:07;2016-05-20 22:50:10
https://github.com/apache/drill/pull/469;sudheeshkatkam;<User (sudheeshkatkam)>;merged;2016-04-06 23:44:35;2016-04-07 01:07:31
https://github.com/apache/drill/pull/468;jinfengni;<User (jinfengni)>;merged;2016-04-06 23:05:33;
https://github.com/apache/drill/pull/467;vdiravka;<User (vdiravka)>;merged;2016-04-06 09:10:59;2016-05-03 17:51:04
https://github.com/apache/drill/pull/463;jacques-n;<User (jacques-n)>;merged;2016-04-05 23:42:31;2016-04-13 21:42:41
https://github.com/apache/drill/pull/462;vkorukanti;<User (vkorukanti)>;merged;2016-04-05 18:43:35;2016-08-07 21:04:21
https://github.com/apache/drill/pull/461;hsuanyi;<User (hsuanyi)>;merged;2016-04-05 17:25:17;
https://github.com/apache/drill/pull/460;sudheeshkatkam;<User (sudheeshkatkam)>;merged;2016-04-05 05:00:01;2016-04-07 01:07:31
https://github.com/apache/drill/pull/459;baunz;<User (baunz)>;merged;2016-04-03 09:22:59;2016-06-24 22:12:07
https://github.com/apache/drill/pull/457;jcmcote;<User (jcmcote)>;merged;2016-04-02 03:21:29;2016-04-02 03:22:55
https://github.com/apache/drill/pull/454;vdiravka;<User (vdiravka)>;merged;2016-03-30 12:32:25;2016-05-03 17:51:04
https://github.com/apache/drill/pull/453;vkorukanti;<User (vkorukanti)>;merged;2016-03-30 01:19:05;2016-08-07 21:01:45
https://github.com/apache/drill/pull/452;jaltekruse;<User (jaltekruse)>;merged;2016-03-29 22:05:31;
https://github.com/apache/drill/pull/451;magpierre;<User (magpierre)>;merged;2016-03-29 14:39:47;2016-05-02 07:15:55
https://github.com/apache/drill/pull/450;vkorukanti;<User (vkorukanti)>;merged;2016-03-28 23:51:43;
https://github.com/apache/drill/pull/448;arina-ielchiieva;<User (arina-ielchiieva)>;merged;2016-03-28 20:13:20;2016-04-07 01:07:31
https://github.com/apache/drill/pull/447;hsuanyi;<User (hsuanyi)>;merged;2016-03-28 01:20:33;
https://github.com/apache/drill/pull/445;arina-ielchiieva;<User (arina-ielchiieva)>;merged;2016-03-25 18:30:58;2016-04-07 01:07:31
https://github.com/apache/drill/pull/444;jinfengni;<User (jinfengni)>;merged;2016-03-24 18:01:30;
https://github.com/apache/drill/pull/443;adityakishore;<User (adityakishore)>;merged;2016-03-23 22:51:37;
https://github.com/apache/drill/pull/442;adeneche;<User (adeneche)>;merged;2016-03-23 19:04:29;2016-04-06 05:10:39
https://github.com/apache/drill/pull/439;hsuanyi;<User (hsuanyi)>;merged;2016-03-22 17:51:57;2016-05-04 16:28:02
https://github.com/apache/drill/pull/438;hsuanyi;<User (hsuanyi)>;merged;2016-03-22 07:36:41;2016-03-22 14:52:33
https://github.com/apache/drill/pull/436;arina-ielchiieva;<User (arina-ielchiieva)>;merged;2016-03-21 17:22:01;2016-07-13 04:26:20
https://github.com/apache/drill/pull/433;hsuanyi;<User (hsuanyi)>;merged;2016-03-17 18:46:15;2016-03-21 05:02:07
https://github.com/apache/drill/pull/432;adeneche;<User (adeneche)>;merged;2016-03-16 14:23:01;2016-03-23 20:43:49
https://github.com/apache/drill/pull/431;vdiravka;<User (vdiravka)>;merged;2016-03-16 09:46:07;2016-04-20 05:32:52
https://github.com/apache/drill/pull/427;adityakishore;<User (adityakishore)>;merged;2016-03-12 19:43:11;2016-03-16 17:34:36
https://github.com/apache/drill/pull/426;sudheeshkatkam;<User (sudheeshkatkam)>;merged;2016-03-11 22:59:25;2016-07-23 04:58:59
https://github.com/apache/drill/pull/424;adeneche;<User (adeneche)>;merged;2016-03-10 10:14:44;2016-03-16 17:11:13
https://github.com/apache/drill/pull/423;hsuanyi;<User (hsuanyi)>;merged;2016-03-10 02:07:33;2016-03-21 05:02:28
https://github.com/apache/drill/pull/422;adeneche;<User (adeneche)>;merged;2016-03-09 15:05:49;2016-03-16 17:11:53
https://github.com/apache/drill/pull/421;adityakishore;<User (adityakishore)>;merged;2016-03-09 12:48:41;2016-03-09 18:34:35
https://github.com/apache/drill/pull/420;amansinha100;<User (amansinha100)>;merged;2016-03-09 07:44:57;2016-03-14 20:46:53
https://github.com/apache/drill/pull/419;jaltekruse;<User (jaltekruse)>;merged;2016-03-09 01:35:54;2016-03-09 18:48:38
https://github.com/apache/drill/pull/417;pwong-mapr;<User (pwong-mapr)>;merged;2016-03-09 00:18:39;2016-03-09 00:31:28
https://github.com/apache/drill/pull/416;jinfengni;<User (jinfengni)>;merged;2016-03-09 00:16:33;2016-03-09 01:15:52
https://github.com/apache/drill/pull/415;amansinha100;<User (amansinha100)>;merged;2016-03-08 17:28:56;2016-03-08 18:26:46
https://github.com/apache/drill/pull/414;adeneche;<User (adeneche)>;merged;2016-03-08 17:19:23;2016-03-09 08:15:27
https://github.com/apache/drill/pull/413;pwong-mapr;<User (pwong-mapr)>;merged;2016-03-08 02:24:19;2016-03-09 00:16:33
https://github.com/apache/drill/pull/412;StevenMPhillips;<User (StevenMPhillips)>;merged;2016-03-08 00:13:07;2016-03-08 03:57:35
https://github.com/apache/drill/pull/410;adeneche;<User (adeneche)>;merged;2016-03-07 15:24:41;2016-03-07 19:03:33
https://github.com/apache/drill/pull/409;adeneche;<User (adeneche)>;merged;2016-03-07 09:52:05;2016-03-08 09:10:05
https://github.com/apache/drill/pull/408;chunhui-shi;<User (chunhui-shi)>;merged;2016-03-07 06:22:41;2016-03-15 18:37:17
https://github.com/apache/drill/pull/407;hsuanyi;<User (hsuanyi)>;merged;2016-03-04 23:28:48;2016-03-13 04:52:31
https://github.com/apache/drill/pull/406;jacques-n;<User (jacques-n)>;merged;2016-03-04 21:28:45;2016-03-09 01:15:52
https://github.com/apache/drill/pull/405;sudheeshkatkam;<User (sudheeshkatkam)>;merged;2016-03-03 21:31:48;2016-03-22 23:33:33
https://github.com/apache/drill/pull/404;laurentgo;<User (laurentgo)>;merged;2016-03-03 01:52:01;2016-03-28 20:54:22
https://github.com/apache/drill/pull/403;vkorukanti;<User (vkorukanti)>;merged;2016-03-02 23:10:09;2016-04-13 20:53:42
https://github.com/apache/drill/pull/402;jaltekruse;<User (jaltekruse)>;merged;2016-03-02 18:43:34;2016-03-08 03:57:35
https://github.com/apache/drill/pull/399;arina-ielchiieva;<User (arina-ielchiieva)>;merged;2016-03-01 08:14:40;2016-03-16 15:51:06
https://github.com/apache/drill/pull/396;parthchandra;<User (parthchandra)>;merged;2016-02-29 03:24:43;2016-03-08 16:53:51
https://github.com/apache/drill/pull/395;laurentgo;<User (laurentgo)>;merged;2016-02-27 01:59:40;2016-10-12 22:44:37
https://github.com/apache/drill/pull/394;jaltekruse;<User (jaltekruse)>;merged;2016-02-26 23:57:41;2016-04-20 16:09:14
https://github.com/apache/drill/pull/393;jaltekruse;<User (jaltekruse)>;merged;2016-02-26 23:35:31;2016-03-09 18:48:38
https://github.com/apache/drill/pull/392;adeneche;<User (adeneche)>;merged;2016-02-26 21:50:24;2016-03-04 23:40:25
https://github.com/apache/drill/pull/391;arina-ielchiieva;<User (arina-ielchiieva)>;merged;2016-02-26 08:43:05;2016-02-26 21:31:59
https://github.com/apache/drill/pull/389;laurentgo;<User (laurentgo)>;merged;2016-02-23 22:29:08;2016-03-08 03:57:35
https://github.com/apache/drill/pull/388;adeneche;<User (adeneche)>;merged;2016-02-23 17:22:14;2016-03-08 05:54:23
https://github.com/apache/drill/pull/387;adeneche;<User (adeneche)>;merged;2016-02-22 20:48:46;2016-02-23 00:44:31
https://github.com/apache/drill/pull/384;vdiravka;<User (vdiravka)>;merged;2016-02-19 10:35:59;2016-02-26 21:31:59
https://github.com/apache/drill/pull/382;arina-ielchiieva;<User (arina-ielchiieva)>;merged;2016-02-18 21:34:11;2016-03-03 09:15:01
https://github.com/apache/drill/pull/380;minji-kim;<User (minji-kim)>;merged;2016-02-18 06:35:34;2016-03-02 23:52:36
https://github.com/apache/drill/pull/379;jinfengni;<User (jinfengni)>;merged;2016-02-17 15:20:14;2016-04-20 18:03:53
https://github.com/apache/drill/pull/378;laurentgo;<User (laurentgo)>;merged;2016-02-17 00:50:54;2016-04-19 00:32:09
https://github.com/apache/drill/pull/377;hsuanyi;<User (hsuanyi)>;merged;2016-02-17 00:31:46;2016-03-21 05:02:53
https://github.com/apache/drill/pull/376;amansinha100;<User (amansinha100)>;merged;2016-02-14 17:30:35;2016-02-19 23:27:58
https://github.com/apache/drill/pull/375;jaltekruse;<User (jaltekruse)>;merged;2016-02-12 00:55:07;2016-03-02 23:52:36
https://github.com/apache/drill/pull/370;hsuanyi;<User (hsuanyi)>;merged;2016-02-09 21:39:17;2016-02-17 00:29:15
https://github.com/apache/drill/pull/369;parthchandra;<User (parthchandra)>;merged;2016-02-09 21:17:56;2016-02-09 22:24:40
https://github.com/apache/drill/pull/368;yufeldman;<User (yufeldman)>;merged;2016-02-08 02:10:09;2016-05-05 21:51:42
https://github.com/apache/drill/pull/366;sudheeshkatkam;<User (sudheeshkatkam)>;merged;2016-02-06 00:18:23;2016-02-06 01:07:01
https://github.com/apache/drill/pull/365;laurentgo;<User (laurentgo)>;merged;2016-02-05 23:15:23;2016-02-09 00:27:08
https://github.com/apache/drill/pull/363;laurentgo;<User (laurentgo)>;merged;2016-02-05 22:08:42;2016-02-09 00:27:08
https://github.com/apache/drill/pull/362;jacques-n;<User (jacques-n)>;merged;2016-02-05 18:46:39;2016-02-06 03:54:21
https://github.com/apache/drill/pull/361;jacques-n;<User (jacques-n)>;merged;2016-02-05 02:21:11;2016-02-05 15:01:14
https://github.com/apache/drill/pull/360;vkorukanti;<User (vkorukanti)>;merged;2016-02-04 21:52:36;2016-03-07 19:30:08
https://github.com/apache/drill/pull/359;vkorukanti;<User (vkorukanti)>;merged;2016-02-04 21:48:36;2016-02-09 00:27:08
https://github.com/apache/drill/pull/356;adeneche;<User (adeneche)>;merged;2016-02-04 00:29:20;2016-02-05 01:31:31
https://github.com/apache/drill/pull/355;vdiravka;<User (vdiravka)>;merged;2016-02-03 15:12:13;2016-02-03 15:12:16
https://github.com/apache/drill/pull/354;vdiravka;<User (vdiravka)>;merged;2016-02-03 15:11:21;2016-02-03 15:11:35
https://github.com/apache/drill/pull/351;laurentgo;<User (laurentgo)>;merged;2016-02-01 19:28:07;2016-02-09 00:27:09
https://github.com/apache/drill/pull/349;hsuanyi;<User (hsuanyi)>;merged;2016-01-29 23:59:20;2016-03-21 05:04:35
https://github.com/apache/drill/pull/348;vkorukanti;<User (vkorukanti)>;merged;2016-01-29 18:35:56;
https://github.com/apache/drill/pull/347;laurentgo;<User (laurentgo)>;merged;2016-01-29 18:12:27;2016-03-02 23:52:36
https://github.com/apache/drill/pull/346;parthchandra;<User (parthchandra)>;merged;2016-01-29 01:57:10;2016-01-29 05:10:11
https://github.com/apache/drill/pull/345;amansinha100;<User (amansinha100)>;merged;2016-01-29 01:18:27;2016-02-14 17:32:36
https://github.com/apache/drill/pull/344;jaltekruse;<User (jaltekruse)>;merged;2016-01-28 19:25:10;2016-01-28 22:33:45
https://github.com/apache/drill/pull/343;jaltekruse;<User (jaltekruse)>;merged;2016-01-28 18:09:30;2016-01-28 22:33:45
https://github.com/apache/drill/pull/342;jinfengni;<User (jinfengni)>;merged;2016-01-28 04:51:15;2016-10-03 22:03:37
https://github.com/apache/drill/pull/341;jaltekruse;<User (jaltekruse)>;merged;2016-01-27 18:56:05;2016-10-13 22:00:57
https://github.com/apache/drill/pull/340;adeneche;<User (adeneche)>;merged;2016-01-27 16:54:50;2016-02-22 19:31:30
https://github.com/apache/drill/pull/339;hsuanyi;<User (hsuanyi)>;merged;2016-01-27 08:22:47;2016-02-09 00:27:08
https://github.com/apache/drill/pull/337;adeneche;<User (adeneche)>;merged;2016-01-25 23:49:27;2016-01-27 16:55:53
https://github.com/apache/drill/pull/336;jacques-n;<User (jacques-n)>;merged;2016-01-24 18:00:23;2016-01-28 14:30:30
https://github.com/apache/drill/pull/334;adeneche;<User (adeneche)>;merged;2016-01-21 23:32:34;2016-01-27 16:56:38
https://github.com/apache/drill/pull/333;laurentgo;<User (laurentgo)>;merged;2016-01-21 18:21:11;2016-02-09 00:27:09
https://github.com/apache/drill/pull/332;laurentgo;<User (laurentgo)>;merged;2016-01-20 01:06:18;2016-01-20 15:31:25
https://github.com/apache/drill/pull/331;jacques-n;<User (jacques-n)>;merged;2016-01-19 01:49:08;2016-01-20 15:31:25
https://github.com/apache/drill/pull/330;laurentgo;<User (laurentgo)>;merged;2016-01-19 01:36:04;2016-01-20 15:31:25
https://github.com/apache/drill/pull/328;jinfengni;<User (jinfengni)>;merged;2016-01-18 05:32:05;2016-10-03 22:02:08
https://github.com/apache/drill/pull/327;jacques-n;<User (jacques-n)>;merged;2016-01-16 00:09:53;2016-01-20 15:31:25
https://github.com/apache/drill/pull/326;jacques-n;<User (jacques-n)>;merged;2016-01-15 22:11:20;2016-01-20 15:31:25
https://github.com/apache/drill/pull/325;hnfgns;<User (hnfgns)>;merged;2016-01-15 21:45:05;2016-02-11 00:17:19
https://github.com/apache/drill/pull/323;jacques-n;<User (jacques-n)>;merged;2016-01-14 04:04:37;2016-01-20 15:31:25
https://github.com/apache/drill/pull/322;adeneche;<User (adeneche)>;merged;2016-01-13 21:21:50;2016-01-21 20:37:29
https://github.com/apache/drill/pull/321;jacques-n;<User (jacques-n)>;merged;2016-01-10 02:37:56;2016-01-11 06:45:02
https://github.com/apache/drill/pull/320;adeneche;<User (adeneche)>;merged;2016-01-08 22:45:54;2016-01-09 13:35:05
https://github.com/apache/drill/pull/319;adeneche;<User (adeneche)>;merged;2016-01-07 21:28:20;2016-01-15 22:30:29
https://github.com/apache/drill/pull/318;jinfengni;<User (jinfengni)>;merged;2016-01-07 20:13:06;
https://github.com/apache/drill/pull/317;adeneche;<User (adeneche)>;merged;2016-01-05 20:22:38;2016-01-05 23:38:03
https://github.com/apache/drill/pull/316;mkieboom;<User (mkieboom)>;merged;2016-01-04 13:28:27;2016-04-11 10:45:14
https://github.com/apache/drill/pull/314;jacques-n;<User (jacques-n)>;merged;2016-01-03 22:57:01;2016-01-11 07:54:00
https://github.com/apache/drill/pull/313;jacques-n;<User (jacques-n)>;merged;2016-01-03 01:00:45;2016-01-11 06:45:02
https://github.com/apache/drill/pull/312;vkorukanti;<User (vkorukanti)>;merged;2015-12-29 22:57:27;
https://github.com/apache/drill/pull/311;nagix;<User (nagix)>;merged;2015-12-26 17:06:38;2016-02-09 00:27:08
https://github.com/apache/drill/pull/306;parthchandra;<User (parthchandra)>;merged;2015-12-17 20:05:36;2015-12-18 01:56:53
https://github.com/apache/drill/pull/304;rozza;<User (rozza)>;merged;2015-12-17 15:10:30;2016-01-04 02:17:56
https://github.com/apache/drill/pull/303;nategri;<User (nategri)>;merged;2015-12-16 03:43:54;2016-01-11 17:39:33
https://github.com/apache/drill/pull/302;vkorukanti;<User (vkorukanti)>;merged;2015-12-15 16:00:52;2015-12-15 23:25:01
https://github.com/apache/drill/pull/301;vkorukanti;<User (vkorukanti)>;merged;2015-12-15 02:16:10;
https://github.com/apache/drill/pull/300;vkorukanti;<User (vkorukanti)>;merged;2015-12-15 00:14:33;
https://github.com/apache/drill/pull/298;parthchandra;<User (parthchandra)>;merged;2015-12-11 21:12:45;2015-12-15 00:58:12
https://github.com/apache/drill/pull/296;hsuanyi;<User (hsuanyi)>;merged;2015-12-09 21:43:31;
https://github.com/apache/drill/pull/290;julienledem;<User (julienledem)>;merged;2015-12-03 23:53:21;2016-01-21 19:50:26
https://github.com/apache/drill/pull/286;jinfengni;<User (jinfengni)>;merged;2015-12-01 18:57:20;2015-12-11 18:25:55
https://github.com/apache/drill/pull/283;jacques-n;<User (jacques-n)>;merged;2015-11-25 23:22:16;2015-12-22 15:08:36
https://github.com/apache/drill/pull/281;julienledem;<User (julienledem)>;merged;2015-11-24 00:40:38;2015-12-02 23:25:43
https://github.com/apache/drill/pull/280;adeneche;<User (adeneche)>;merged;2015-11-23 21:54:28;2015-11-23 23:20:18
https://github.com/apache/drill/pull/277;julienledem;<User (julienledem)>;merged;2015-11-23 05:45:48;2015-12-03 23:02:56
https://github.com/apache/drill/pull/276;amithadke;<User (amithadke)>;merged;2015-11-23 05:34:43;2015-12-05 01:25:45
https://github.com/apache/drill/pull/269;abhipol;<User (abhipol)>;merged;2015-11-19 08:19:39;2015-12-02 10:13:08
https://github.com/apache/drill/pull/268;sudheeshkatkam;<User (sudheeshkatkam)>;merged;2015-11-18 16:45:16;2016-03-12 00:58:38
https://github.com/apache/drill/pull/267;julienledem;<User (julienledem)>;merged;2015-11-18 05:54:18;2015-12-02 06:48:19
https://github.com/apache/drill/pull/266;jaltekruse;<User (jaltekruse)>;merged;2015-11-18 03:08:36;2015-11-26 04:04:10
https://github.com/apache/drill/pull/265;abhipol;<User (abhipol)>;merged;2015-11-18 03:06:36;2015-11-26 04:04:10
https://github.com/apache/drill/pull/264;julienledem;<User (julienledem)>;merged;2015-11-18 01:20:13;2015-11-26 04:04:10
https://github.com/apache/drill/pull/261;aleph-zero;<User (aleph-zero)>;merged;2015-11-16 21:52:42;2015-11-24 02:28:08
https://github.com/apache/drill/pull/256;hsuanyi;<User (hsuanyi)>;merged;2015-11-15 01:39:03;2015-11-16 01:17:29
https://github.com/apache/drill/pull/254;parthchandra;<User (parthchandra)>;merged;2015-11-13 21:19:50;2015-12-02 03:46:28
https://github.com/apache/drill/pull/253;hsuanyi;<User (hsuanyi)>;merged;2015-11-13 03:29:31;2015-11-14 01:37:16
https://github.com/apache/drill/pull/252;julienledem;<User (julienledem)>;merged;2015-11-12 22:27:51;2015-11-13 22:49:20
https://github.com/apache/drill/pull/251;aleph-zero;<User (aleph-zero)>;merged;2015-11-09 19:44:57;2015-11-13 22:49:20
https://github.com/apache/drill/pull/250;jacques-n;<User (jacques-n)>;merged;2015-11-09 00:47:47;2015-11-13 02:37:44
https://github.com/apache/drill/pull/249;adityakishore;<User (adityakishore)>;merged;2015-11-08 22:10:43;2016-03-14 22:19:28
https://github.com/apache/drill/pull/247;jaltekruse;<User (jaltekruse)>;merged;2015-11-07 03:28:22;2015-11-23 23:51:33
https://github.com/apache/drill/pull/246;julienledem;<User (julienledem)>;merged;2015-11-07 01:26:20;2015-11-26 04:04:10
https://github.com/apache/drill/pull/245;dsbos;<User (dsbos)>;merged;2015-11-06 22:10:28;2015-12-19 20:01:32
https://github.com/apache/drill/pull/243;StevenMPhillips;<User (StevenMPhillips)>;merged;2015-11-05 04:03:20;2015-11-05 05:56:50
https://github.com/apache/drill/pull/242;hsuanyi;<User (hsuanyi)>;merged;2015-11-04 23:38:44;2016-03-21 05:10:16
https://github.com/apache/drill/pull/241;StevenMPhillips;<User (StevenMPhillips)>;merged;2015-11-04 23:04:53;2015-11-05 00:26:37
https://github.com/apache/drill/pull/240;jacques-n;<User (jacques-n)>;merged;2015-11-04 18:50:32;2015-11-05 05:56:50
https://github.com/apache/drill/pull/239;adeneche;<User (adeneche)>;merged;2015-11-04 18:48:14;2015-11-13 21:13:20
https://github.com/apache/drill/pull/238;nagix;<User (nagix)>;merged;2015-11-04 12:53:31;2015-12-22 15:06:40
https://github.com/apache/drill/pull/236;jaltekruse;<User (jaltekruse)>;merged;2015-11-04 02:13:56;2015-11-05 05:56:50
https://github.com/apache/drill/pull/235;aleph-zero;<User (aleph-zero)>;merged;2015-11-03 23:57:29;2015-11-09 19:42:25
https://github.com/apache/drill/pull/233;hsuanyi;;closed;2015-11-03 17:08:34;
https://github.com/apache/drill/pull/232;abhipol;<User (abhipol)>;merged;2015-11-03 03:17:57;2015-11-05 05:56:50
https://github.com/apache/drill/pull/231;mehant;<User (mehant)>;merged;2015-11-03 00:29:26;2015-11-04 18:27:30
https://github.com/apache/drill/pull/230;mehant;<User (mehant)>;merged;2015-11-03 00:19:49;2015-11-04 18:27:30
https://github.com/apache/drill/pull/228;dsbos;<User (dsbos)>;merged;2015-11-02 04:27:22;2015-12-19 20:01:19
https://github.com/apache/drill/pull/227;jacques-n;<User (jacques-n)>;merged;2015-10-31 22:28:57;2015-11-02 02:56:47
https://github.com/apache/drill/pull/226;julienledem;<User (julienledem)>;merged;2015-10-30 23:52:02;2015-11-06 00:02:07
https://github.com/apache/drill/pull/225;jacques-n;<User (jacques-n)>;merged;2015-10-30 23:08:31;2015-11-02 02:56:47
https://github.com/apache/drill/pull/222;adeneche;<User (adeneche)>;merged;2015-10-27 18:42:14;2015-11-05 04:24:56
https://github.com/apache/drill/pull/221;julienledem;<User (julienledem)>;merged;2015-10-27 16:56:14;2015-11-02 02:56:47
https://github.com/apache/drill/pull/219;parthchandra;<User (parthchandra)>;merged;2015-10-26 17:39:14;
https://github.com/apache/drill/pull/217;jacques-n;<User (jacques-n)>;merged;2015-10-25 16:02:09;2015-10-26 17:43:02
https://github.com/apache/drill/pull/216;sudheeshkatkam;<User (sudheeshkatkam)>;merged;2015-10-22 03:50:54;2015-10-26 01:28:42
https://github.com/apache/drill/pull/214;amithadke;<User (amithadke)>;merged;2015-10-21 20:57:19;2015-11-05 05:56:50
https://github.com/apache/drill/pull/213;adeneche;<User (adeneche)>;merged;2015-10-21 19:19:03;2015-10-27 02:48:27
https://github.com/apache/drill/pull/212;vkorukanti;<User (vkorukanti)>;merged;2015-10-20 23:31:32;2015-12-01 19:39:06
https://github.com/apache/drill/pull/211;vkorukanti;<User (vkorukanti)>;merged;2015-10-20 15:16:47;2015-12-01 19:38:49
https://github.com/apache/drill/pull/210;tgrall;<User (tgrall)>;merged;2015-10-20 09:37:28;2015-10-26 17:43:02
https://github.com/apache/drill/pull/207;StevenMPhillips;<User (StevenMPhillips)>;merged;2015-10-16 07:26:12;2015-11-03 08:44:44
https://github.com/apache/drill/pull/206;hsuanyi;<User (hsuanyi)>;merged;2015-10-16 07:21:07;2015-10-16 21:59:49
https://github.com/apache/drill/pull/205;hsuanyi;<User (hsuanyi)>;merged;2015-10-15 04:31:44;2015-11-03 08:16:41
https://github.com/apache/drill/pull/204;hsuanyi;<User (hsuanyi)>;merged;2015-10-15 04:09:46;2015-10-16 07:16:00
https://github.com/apache/drill/pull/203;aleph-zero;<User (aleph-zero)>;merged;2015-10-14 21:34:13;2015-10-26 17:43:03
https://github.com/apache/drill/pull/202;aleph-zero;<User (aleph-zero)>;merged;2015-10-14 21:23:10;2015-10-14 21:30:19
https://github.com/apache/drill/pull/200;cwestin;<User (cwestin)>;merged;2015-10-13 21:56:27;2015-10-15 13:13:30
https://github.com/apache/drill/pull/199;cwestin;<User (cwestin)>;merged;2015-10-13 20:35:38;2015-10-15 13:13:30
https://github.com/apache/drill/pull/198;tgrall;<User (tgrall)>;merged;2015-10-13 12:49:11;2015-10-26 17:43:02
https://github.com/apache/drill/pull/197;sudheeshkatkam;<User (sudheeshkatkam)>;merged;2015-10-12 16:36:39;2015-11-02 02:56:47
https://github.com/apache/drill/pull/195;amansinha100;<User (amansinha100)>;merged;2015-10-10 09:20:03;2015-10-10 22:42:22
https://github.com/apache/drill/pull/194;cwestin;<User (cwestin)>;merged;2015-10-09 17:47:44;2015-10-13 23:40:16
https://github.com/apache/drill/pull/193;sudheeshkatkam;<User (sudheeshkatkam)>;merged;2015-10-08 22:56:14;2016-03-03 21:33:00
https://github.com/apache/drill/pull/191;k255;<User (k255)>;merged;2015-10-08 09:59:47;2015-10-26 17:43:02
https://github.com/apache/drill/pull/190;amithadke;<User (amithadke)>;merged;2015-10-08 01:26:04;2015-11-05 05:56:50
https://github.com/apache/drill/pull/189;StevenMPhillips;<User (StevenMPhillips)>;merged;2015-10-07 21:52:36;2015-11-04 06:07:40
https://github.com/apache/drill/pull/188;adityakishore;<User (adityakishore)>;merged;2015-10-07 06:34:50;2015-10-07 21:00:54
https://github.com/apache/drill/pull/187;jaltekruse;<User (jaltekruse)>;merged;2015-10-06 17:29:34;2015-10-14 23:19:12
https://github.com/apache/drill/pull/181;cwestin;<User (cwestin)>;merged;2015-10-01 13:43:38;2015-10-05 19:36:07
https://github.com/apache/drill/pull/180;StevenMPhillips;<User (StevenMPhillips)>;merged;2015-10-01 10:34:15;2015-11-03 08:44:44
https://github.com/apache/drill/pull/179;amansinha100;<User (amansinha100)>;merged;2015-09-30 22:38:08;2015-10-01 22:00:11
https://github.com/apache/drill/pull/178;aleph-zero;<User (aleph-zero)>;merged;2015-09-30 20:57:23;2015-10-01 21:37:48
https://github.com/apache/drill/pull/176;hsuanyi;<User (hsuanyi)>;merged;2015-09-29 16:19:28;2015-09-29 23:25:44
https://github.com/apache/drill/pull/175;dsbos;<User (dsbos)>;merged;2015-09-29 00:45:27;2015-10-29 21:06:51
https://github.com/apache/drill/pull/174;dsbos;<User (dsbos)>;merged;2015-09-28 23:26:28;2015-11-06 22:28:21
https://github.com/apache/drill/pull/173;adeneche;<User (adeneche)>;merged;2015-09-28 17:02:23;2015-11-05 18:54:39
https://github.com/apache/drill/pull/172;adeneche;<User (adeneche)>;merged;2015-09-28 15:47:03;2015-09-29 00:56:59
https://github.com/apache/drill/pull/171;dsbos;<User (dsbos)>;merged;2015-09-25 17:08:29;2015-12-19 20:02:08
https://github.com/apache/drill/pull/170;dsbos;<User (dsbos)>;merged;2015-09-25 17:06:52;2015-09-25 17:07:05
https://github.com/apache/drill/pull/169;jinfengni;<User (jinfengni)>;merged;2015-09-25 15:40:37;2015-09-26 06:21:13
https://github.com/apache/drill/pull/168;julienledem;<User (julienledem)>;merged;2015-09-24 20:52:33;2015-09-25 00:20:53
https://github.com/apache/drill/pull/166;dsbos;<User (dsbos)>;merged;2015-09-23 20:51:31;2015-09-27 19:18:56
https://github.com/apache/drill/pull/165;dsbos;<User (dsbos)>;merged;2015-09-23 20:21:48;2015-09-23 20:50:55
https://github.com/apache/drill/pull/163;adeneche;<User (adeneche)>;merged;2015-09-21 19:23:36;2015-09-22 19:29:21
https://github.com/apache/drill/pull/162;parthchandra;<User (parthchandra)>;merged;2015-09-21 16:45:19;2015-09-28 18:36:30
https://github.com/apache/drill/pull/161;sudheeshkatkam;<User (sudheeshkatkam)>;merged;2015-09-17 23:49:38;2015-09-28 18:36:30
https://github.com/apache/drill/pull/160;amansinha100;<User (amansinha100)>;merged;2015-09-17 15:09:56;2015-09-18 00:27:55
https://github.com/apache/drill/pull/159;sudheeshkatkam;<User (sudheeshkatkam)>;merged;2015-09-15 23:27:24;2015-10-02 03:35:54
https://github.com/apache/drill/pull/158;dsbos;<User (dsbos)>;merged;2015-09-14 21:21:55;2015-09-25 00:20:53
https://github.com/apache/drill/pull/157;aleph-zero;<User (aleph-zero)>;merged;2015-09-14 20:02:32;2016-02-05 15:01:14
https://github.com/apache/drill/pull/156;amansinha100;<User (amansinha100)>;merged;2015-09-13 17:02:25;2015-09-21 22:39:46
https://github.com/apache/drill/pull/155;adeneche;<User (adeneche)>;merged;2015-09-11 23:16:11;2015-09-18 18:38:44
https://github.com/apache/drill/pull/154;cwestin;<User (cwestin)>;merged;2015-09-11 20:16:22;2015-09-17 23:14:56
https://github.com/apache/drill/pull/152;hsuanyi;<User (hsuanyi)>;merged;2015-09-10 01:57:23;2015-09-11 05:20:22
https://github.com/apache/drill/pull/150;hsuanyi;<User (hsuanyi)>;merged;2015-09-09 20:16:47;2015-09-10 01:56:32
https://github.com/apache/drill/pull/149;hsuanyi;<User (hsuanyi)>;merged;2015-09-09 20:14:28;2015-09-09 20:15:41
https://github.com/apache/drill/pull/148;julienledem;<User (julienledem)>;merged;2015-09-05 00:25:45;2015-10-26 17:43:02
https://github.com/apache/drill/pull/147;adeneche;<User (adeneche)>;merged;2015-09-05 00:11:17;2015-09-21 19:51:32
https://github.com/apache/drill/pull/146;adeneche;<User (adeneche)>;merged;2015-09-03 23:33:53;2015-09-08 23:25:32
https://github.com/apache/drill/pull/145;sudheeshkatkam;<User (sudheeshkatkam)>;merged;2015-09-03 23:00:16;2015-09-04 22:36:56
https://github.com/apache/drill/pull/144;dsbos;<User (dsbos)>;merged;2015-09-03 21:53:06;2015-09-15 12:12:41
https://github.com/apache/drill/pull/143;dsbos;<User (dsbos)>;merged;2015-09-03 21:52:56;2015-09-08 23:25:32
https://github.com/apache/drill/pull/142;ebegoli;<User (ebegoli)>;merged;2015-09-03 00:27:54;2015-09-10 00:17:32
https://github.com/apache/drill/pull/141;adeneche;<User (adeneche)>;merged;2015-09-01 02:39:19;2015-09-01 17:58:42
https://github.com/apache/drill/pull/140;mehant;<User (mehant)>;merged;2015-08-31 23:34:08;2015-09-08 23:25:32
https://github.com/apache/drill/pull/139;ebegoli;<User (ebegoli)>;merged;2015-08-30 15:14:53;2015-09-14 11:30:24
https://github.com/apache/drill/pull/138;sudipmukherjee;<User (sudipmukherjee)>;merged;2015-08-28 09:55:01;2015-09-11 05:50:43
https://github.com/apache/drill/pull/137;adeneche;<User (adeneche)>;merged;2015-08-27 20:54:52;2015-09-08 23:25:32
https://github.com/apache/drill/pull/134;parthchandra;<User (parthchandra)>;merged;2015-08-26 01:09:02;2015-09-26 20:42:50
https://github.com/apache/drill/pull/133;cwestin;<User (cwestin)>;merged;2015-08-26 00:59:19;2015-09-15 12:12:41
https://github.com/apache/drill/pull/132;cwestin;;closed;2015-08-26 00:57:13;
https://github.com/apache/drill/pull/130;adeneche;<User (adeneche)>;merged;2015-08-25 21:52:34;2015-09-02 16:12:27
https://github.com/apache/drill/pull/128;adeneche;<User (adeneche)>;merged;2015-08-24 21:48:41;2015-09-27 19:18:57
https://github.com/apache/drill/pull/126;jinfengni;<User (jinfengni)>;merged;2015-08-22 00:40:36;2015-08-22 01:17:49
https://github.com/apache/drill/pull/125;julienledem;<User (julienledem)>;merged;2015-08-21 17:58:43;2015-12-03 23:03:46
https://github.com/apache/drill/pull/124;adeneche;<User (adeneche)>;merged;2015-08-21 00:13:08;2016-07-08 18:16:06
https://github.com/apache/drill/pull/123;sudheeshkatkam;<User (sudheeshkatkam)>;merged;2015-08-20 05:06:52;2015-08-20 21:56:31
https://github.com/apache/drill/pull/121;julienledem;<User (julienledem)>;merged;2015-08-18 21:45:58;2015-09-03 18:17:02
https://github.com/apache/drill/pull/120;cwestin;<User (cwestin)>;merged;2015-08-18 19:59:28;2015-09-10 23:06:26
https://github.com/apache/drill/pull/119;dsbos;<User (dsbos)>;merged;2015-08-18 00:50:36;2015-09-02 18:42:59
https://github.com/apache/drill/pull/117;adeneche;<User (adeneche)>;merged;2015-08-17 16:11:35;2015-08-17 22:06:47
https://github.com/apache/drill/pull/116;jacques-n;<User (jacques-n)>;merged;2015-08-16 18:47:29;2015-09-30 10:59:43
https://github.com/apache/drill/pull/114;StevenMPhillips;<User (StevenMPhillips)>;merged;2015-08-14 21:17:33;2015-09-20 00:23:47
https://github.com/apache/drill/pull/113;dsbos;<User (dsbos)>;merged;2015-08-14 19:54:59;2015-12-19 20:00:28
https://github.com/apache/drill/pull/112;adeneche;<User (adeneche)>;merged;2015-08-14 17:36:52;2015-08-24 15:08:25
https://github.com/apache/drill/pull/111;dsbos;<User (dsbos)>;merged;2015-08-13 00:58:23;2015-09-03 21:52:05
https://github.com/apache/drill/pull/109;cwestin;<User (cwestin)>;merged;2015-08-12 22:35:30;2015-08-13 21:07:06
https://github.com/apache/drill/pull/108;cwestin;<User (cwestin)>;merged;2015-08-12 16:25:41;2015-08-20 18:08:22
https://github.com/apache/drill/pull/107;adeneche;<User (adeneche)>;merged;2015-08-10 20:35:16;2015-08-18 17:17:37
https://github.com/apache/drill/pull/105;cwestin;<User (cwestin)>;merged;2015-08-07 00:59:30;2015-09-16 23:45:43
https://github.com/apache/drill/pull/104;cwestin;<User (cwestin)>;merged;2015-08-04 18:30:39;2015-09-09 22:44:19
https://github.com/apache/drill/pull/103;amansinha100;<User (amansinha100)>;merged;2015-08-04 00:54:34;
https://github.com/apache/drill/pull/102;cwestin;<User (cwestin)>;merged;2015-08-03 22:52:55;2015-08-05 22:46:54
https://github.com/apache/drill/pull/101;dsbos;<User (dsbos)>;merged;2015-08-03 20:12:15;2015-08-13 00:59:07
https://github.com/apache/drill/pull/99;dsbos;<User (dsbos)>;merged;2015-07-24 05:23:59;2015-08-26 22:08:28
https://github.com/apache/drill/pull/98;sudheeshkatkam;<User (sudheeshkatkam)>;merged;2015-07-23 00:12:58;2015-09-08 17:28:38
https://github.com/apache/drill/pull/97;jinfengni;<User (jinfengni)>;merged;2015-07-22 16:52:35;
https://github.com/apache/drill/pull/96;jinfengni;<User (jinfengni)>;merged;2015-07-21 20:05:52;
https://github.com/apache/drill/pull/94;mehant;<User (mehant)>;merged;2015-07-15 21:32:32;2015-08-02 15:01:37
https://github.com/apache/drill/pull/93;dsbos;<User (dsbos)>;merged;2015-07-15 00:08:48;2015-08-13 00:55:32
https://github.com/apache/drill/pull/92;sudheeshkatkam;<User (sudheeshkatkam)>;merged;2015-07-14 22:44:43;2015-09-03 22:38:43
https://github.com/apache/drill/pull/91;sudheeshkatkam;<User (sudheeshkatkam)>;merged;2015-07-14 22:41:50;2015-07-23 00:06:45
https://github.com/apache/drill/pull/90;sudheeshkatkam;<User (sudheeshkatkam)>;merged;2015-07-14 22:38:07;2015-09-04 18:35:25
https://github.com/apache/drill/pull/88;dsbos;<User (dsbos)>;merged;2015-07-10 21:42:46;2015-07-16 22:06:41
https://github.com/apache/drill/pull/87;dsbos;<User (dsbos)>;merged;2015-07-10 06:15:32;2015-07-10 06:15:59
https://github.com/apache/drill/pull/85;jaltekruse;<User (jaltekruse)>;merged;2015-07-10 00:01:59;2015-10-21 23:57:47
https://github.com/apache/drill/pull/82;hnfgns;<User (hnfgns)>;merged;2015-07-08 22:16:38;2015-07-08 23:42:27
https://github.com/apache/drill/pull/80;sudheeshkatkam;<User (sudheeshkatkam)>;merged;2015-07-08 17:04:10;2015-09-15 12:12:41
https://github.com/apache/drill/pull/79;abengelbrecht;<User (abengelbrecht)>;merged;2015-05-29 15:48:17;2015-07-08 19:58:59
https://github.com/apache/drill/pull/78;hsuanyi;<User (hsuanyi)>;merged;2015-05-18 23:31:42;2015-06-01 18:54:49
https://github.com/apache/drill/pull/77;hsuanyi;<User (hsuanyi)>;merged;2015-05-18 23:19:08;2015-06-01 18:55:00
https://github.com/apache/drill/pull/76;jinfengni;<User (jinfengni)>;merged;2015-05-18 23:17:09;2015-06-01 19:25:31
https://github.com/apache/drill/pull/75;adeneche;<User (adeneche)>;merged;2015-05-18 22:27:34;2015-05-22 17:57:22
https://github.com/apache/drill/pull/74;adeneche;<User (adeneche)>;merged;2015-05-18 22:25:39;2015-05-22 17:53:25
https://github.com/apache/drill/pull/73;adeneche;<User (adeneche)>;merged;2015-05-18 21:19:32;2015-05-22 17:53:10
https://github.com/apache/drill/pull/72;adeneche;<User (adeneche)>;merged;2015-05-18 21:17:00;2015-05-22 17:53:35
https://github.com/apache/drill/pull/71;kkhatua;<User (kkhatua)>;merged;2015-05-06 16:39:37;2015-09-29 00:23:30
https://github.com/apache/drill/pull/70;dosoft;<User (dosoft)>;merged;2015-01-28 03:09:00;2016-04-29 09:38:46
https://github.com/apache/drill/pull/69;adityakishore;<User (adityakishore)>;merged;2014-10-07 07:34:12;2014-10-07 07:34:40
https://github.com/apache/drill/pull/68;darionyaphet;<User (darionyaphet)>;merged;2014-09-30 07:35:56;2014-09-30 07:36:24
https://github.com/apache/drill/pull/67;kameshb;<User (kameshb)>;merged;2014-09-21 13:36:52;2014-10-08 04:14:45
https://github.com/apache/drill/pull/66;alzarei;<User (alzarei)>;merged;2014-08-27 22:04:02;2014-10-08 04:14:45
https://github.com/apache/drill/pull/65;jaltekruse;<User (jaltekruse)>;merged;2014-05-20 15:01:14;2014-10-08 04:14:45
https://github.com/apache/drill/pull/64;ajaybhat;<User (ajaybhat)>;merged;2014-05-06 13:07:15;2014-10-08 04:14:45
https://github.com/apache/drill/pull/63;adityakishore;<User (adityakishore)>;merged;2014-04-24 21:33:31;2014-05-10 12:30:25
https://github.com/apache/drill/pull/62;adityakishore;<User (adityakishore)>;merged;2014-04-24 09:14:10;2014-05-10 12:23:04
https://github.com/apache/drill/pull/61;adityakishore;<User (adityakishore)>;merged;2014-04-24 08:56:01;2014-05-10 12:22:11
https://github.com/apache/drill/pull/60;pwong-mapr;<User (pwong-mapr)>;merged;2014-04-23 20:29:52;2014-10-08 04:14:45
https://github.com/apache/drill/pull/59;pwong-mapr;<User (pwong-mapr)>;merged;2014-04-23 19:54:31;2014-05-05 17:18:08
https://github.com/apache/drill/pull/58;pwong-mapr;<User (pwong-mapr)>;merged;2014-04-23 19:33:16;2014-05-05 17:18:11
https://github.com/apache/drill/pull/57;vkorukanti;;merged;2014-04-23 17:05:20;2014-05-23 16:51:45
https://github.com/apache/drill/pull/56;mehant;<User (mehant)>;merged;2014-04-22 23:51:10;2014-05-06 05:54:43
https://github.com/apache/drill/pull/55;adityakishore;<User (adityakishore)>;merged;2014-04-22 10:01:44;2014-04-24 08:13:51
https://github.com/apache/drill/pull/54;vkorukanti;;merged;2014-04-21 17:46:00;2014-04-21 18:50:00
https://github.com/apache/drill/pull/53;vkorukanti;;merged;2014-04-21 04:28:36;2014-04-21 18:49:12
https://github.com/apache/drill/pull/52;mehant;<User (mehant)>;merged;2014-04-20 20:46:04;2014-05-06 05:55:05
https://github.com/apache/drill/pull/51;vkorukanti;;merged;2014-04-16 17:37:18;2014-04-24 15:54:41
https://github.com/apache/drill/pull/50;adityakishore;<User (adityakishore)>;merged;2014-04-16 00:03:50;2014-05-10 12:30:21
https://github.com/apache/drill/pull/49;mehant;<User (mehant)>;merged;2014-04-13 09:02:43;2014-04-21 19:20:18
https://github.com/apache/drill/pull/48;StevenMPhillips;<User (StevenMPhillips)>;merged;2014-04-10 18:38:24;2014-05-04 00:42:31
https://github.com/apache/drill/pull/47;StevenMPhillips;<User (StevenMPhillips)>;merged;2014-04-09 23:26:54;2014-04-24 01:01:13
https://github.com/apache/drill/pull/46;StevenMPhillips;<User (StevenMPhillips)>;merged;2014-04-04 01:47:54;2014-04-24 01:02:11
https://github.com/apache/drill/pull/45;StevenMPhillips;<User (StevenMPhillips)>;merged;2014-04-03 01:20:08;2014-04-24 01:02:53
https://github.com/apache/drill/pull/44;StevenMPhillips;<User (StevenMPhillips)>;merged;2014-04-03 00:51:34;2014-04-24 01:03:14
https://github.com/apache/drill/pull/43;adityakishore;<User (adityakishore)>;merged;2014-04-02 09:31:29;2014-04-21 18:03:32
https://github.com/apache/drill/pull/42;adityakishore;<User (adityakishore)>;merged;2014-04-02 08:08:56;2014-04-21 18:04:40
https://github.com/apache/drill/pull/41;adityakishore;<User (adityakishore)>;merged;2014-04-02 07:30:54;2014-04-21 18:05:22
https://github.com/apache/drill/pull/40;adityakishore;<User (adityakishore)>;merged;2014-04-01 10:52:10;2014-04-24 07:49:54
https://github.com/apache/drill/pull/39;mehant;<User (mehant)>;merged;2014-03-28 12:18:31;2014-04-21 21:14:04
https://github.com/apache/drill/pull/38;mehant;<User (mehant)>;merged;2014-03-27 19:03:08;2014-04-21 21:14:49
https://github.com/apache/drill/pull/37;mehant;<User (mehant)>;merged;2014-03-27 18:53:18;2014-05-06 05:55:26
https://github.com/apache/drill/pull/36;adityakishore;<User (adityakishore)>;merged;2014-03-27 14:23:16;2014-04-24 08:12:51
https://github.com/apache/drill/pull/35;StevenMPhillips;<User (StevenMPhillips)>;merged;2014-03-25 23:12:32;2014-10-08 04:14:45
https://github.com/apache/drill/pull/34;vkorukanti;;merged;2014-03-25 20:15:59;2014-04-21 18:51:04
https://github.com/apache/drill/pull/33;adityakishore;<User (adityakishore)>;merged;2014-03-25 08:13:48;2014-03-27 14:26:11
https://github.com/apache/drill/pull/32;adityakishore;<User (adityakishore)>;merged;2014-03-21 23:41:28;2014-03-27 14:25:00
https://github.com/apache/drill/pull/31;pwong-mapr;<User (pwong-mapr)>;merged;2014-03-13 00:57:47;2014-05-05 17:18:49
https://github.com/apache/drill/pull/30;tnachen;<User (tnachen)>;merged;2014-02-27 02:29:52;2014-02-27 02:37:03
https://github.com/apache/drill/pull/29;tnachen;<User (tnachen)>;merged;2014-02-20 20:13:00;
https://github.com/apache/drill/pull/28;adityakishore;<User (adityakishore)>;merged;2013-09-12 01:48:45;2013-11-04 19:28:05
https://github.com/apache/drill/pull/27;adityakishore;<User (adityakishore)>;merged;2013-09-11 22:58:41;2013-11-04 19:27:49
https://github.com/apache/drill/pull/26;adityakishore;<User (adityakishore)>;merged;2013-09-11 07:06:45;2013-09-11 08:54:12
https://github.com/apache/drill/pull/25;adityakishore;<User (adityakishore)>;merged;2013-09-05 03:02:08;2013-09-06 04:50:04
https://github.com/apache/drill/pull/24;adityakishore;<User (adityakishore)>;merged;2013-09-05 02:12:09;2013-09-06 04:50:49
https://github.com/apache/drill/pull/23;adityakishore;<User (adityakishore)>;merged;2013-09-05 02:01:02;2013-09-05 02:08:10
https://github.com/apache/drill/pull/22;adityakishore;<User (adityakishore)>;merged;2013-09-04 21:35:43;2013-09-06 04:51:48
https://github.com/apache/drill/pull/21;julianhyde;<User (julianhyde)>;merged;2013-08-05 21:15:06;
https://github.com/apache/drill/pull/20;tnachen;<User (tnachen)>;merged;2013-05-31 20:36:22;2013-06-12 05:38:25
https://github.com/apache/drill/pull/19;tnachen;;closed;2013-05-31 20:34:53;
https://github.com/apache/drill/pull/18;tnachen;<User (tnachen)>;merged;2013-05-23 08:09:25;
https://github.com/apache/drill/pull/17;immars;<User (immars)>;merged;2013-04-24 08:06:55;2014-10-08 04:14:45
https://github.com/apache/drill/pull/16;dralves;<User (dralves)>;merged;2013-04-19 03:07:04;
https://github.com/apache/drill/pull/15;immars;<User (immars)>;merged;2013-03-28 09:57:08;2013-03-28 09:58:07
https://github.com/apache/drill/pull/14;tnachen;<User (tnachen)>;merged;2013-03-18 07:17:45;2014-10-08 04:14:45
https://github.com/apache/drill/pull/13;dralves;<User (dralves)>;merged;2013-03-15 00:11:20;2014-10-08 04:14:45
https://github.com/apache/drill/pull/12;dralves;<User (dralves)>;merged;2013-03-13 01:14:21;2014-10-08 04:14:45
https://github.com/apache/drill/pull/11;dralves;<User (dralves)>;merged;2013-03-11 09:52:14;2014-10-08 04:14:45
https://github.com/apache/drill/pull/10;tnachen;<User (tnachen)>;merged;2013-03-02 07:37:08;
https://github.com/apache/drill/pull/9;cmerrick;;merged;2013-02-24 17:42:57;2013-02-25 19:47:15
https://github.com/apache/drill/pull/8;sreev;<User (sreev)>;merged;2013-02-18 04:00:12;2014-10-08 04:14:45
https://github.com/apache/drill/pull/7;tnachen;<User (tnachen)>;merged;2013-02-16 01:27:12;2013-04-02 20:34:40
https://github.com/apache/drill/pull/6;julianhyde;<User (julianhyde)>;merged;2013-02-14 04:01:27;
https://github.com/apache/drill/pull/5;tnachen;<User (tnachen)>;merged;2013-02-12 18:49:08;2013-02-25 03:57:25
https://github.com/apache/drill/pull/4;cmerrick;;merged;2013-02-11 21:40:07;2013-02-25 19:47:38
https://github.com/apache/drill/pull/3;ijsong;<User (ijsong)>;merged;2012-12-13 16:42:20;2014-10-08 04:14:44
https://github.com/apache/drill/pull/2;jacques-n;<User (jacques-n)>;merged;2012-11-30 03:17:30;
https://github.com/apache/drill/pull/1;antoniogarrote;<User (antoniogarrote)>;merged;2012-10-24 09:18:55;2014-10-08 04:14:44
